MSE,RMSE,MAE,R2_Score,Directional_Accuracy,Model,Fold,Stock
0.0004732874475808,0.0217551705941556,0.0164355891402114,-1.0310089441992751,0.5238095238095238,Naive,0,AAPL
0.000229101817917,0.0151361097352347,0.0111786942242354,0.0168599575157202,0.6507936507936508,Ridge_Regression,0,AAPL
0.0002395829608146,0.0154784676507288,0.0116794273711071,-0.0281175610710351,0.6031746031746031,Random_Forest,0,AAPL
0.0002501690964479,0.0158167346961373,0.0120082928768879,-0.0735456328817418,0.6349206349206349,XGBoost,0,AAPL
0.0002340351949455,0.0152982088803089,0.0118114394151611,-0.0043105445147071,0.5714285714285714,LSTM,0,AAPL
0.0002409738081263,0.0155233310898902,0.0120289748859782,-0.034086076282042,0.4126984126984127,GRU,0,AAPL
0.0002335703184556,0.0152830075068904,0.0118535039167694,-0.0023156293447672,0.5714285714285714,Transformer,0,AAPL
0.000230225955753,0.015173198599935,0.0115619918524567,0.0120359673357415,0.6190476190476191,Stacked_Ensemble,0,AAPL
0.0005314686885796,0.0230536046764848,0.0177732459938388,-0.5286825076708033,0.6190476190476191,Naive,1,AAPL
0.0004205097889661,0.0205063353373082,0.0159480812830649,-0.2095274331491323,0.5079365079365079,Ridge_Regression,1,AAPL
0.0003922443405262,0.0198051594420805,0.0154840436822161,-0.1282265069985746,0.492063492063492,Random_Forest,1,AAPL
0.0003653898311698,0.0191151727998949,0.0148607540973358,-0.0509839156901223,0.5714285714285714,XGBoost,1,AAPL
0.0003474099498976,0.0186389363939475,0.0147862092071296,0.0007322636097299,0.4444444444444444,LSTM,1,AAPL
0.0003617507300702,0.0190197457940502,0.0154074308225392,-0.04051663828682,0.4603174603174603,GRU,1,AAPL
0.000360373157984,0.0189834969903867,0.01537775474011,-0.0365542781392032,0.4126984126984127,Transformer,1,AAPL
0.0003529325167024,0.0187864982554609,0.0148546389690888,-0.0151524939561891,0.5396825396825397,Stacked_Ensemble,1,AAPL
0.0014334233681652,0.0378605780220706,0.0312893368128362,-1.2545120113889308,0.4285714285714285,Naive,2,AAPL
0.0007516838671985,0.0274168537071362,0.0214011482786848,-0.1822608344493674,0.5238095238095238,Ridge_Regression,2,AAPL
0.0007133762270037,0.0267091038225503,0.0214849965331707,-0.1220099435645996,0.3968253968253968,Random_Forest,2,AAPL
0.0007575002292748,0.0275227220542379,0.0212446239969201,-0.1914089050437792,0.4603174603174603,XGBoost,2,AAPL
0.0006506871338057,0.0255085698110604,0.0202058904693983,-0.023411499631786,0.5079365079365079,LSTM,2,AAPL
0.0006446683810946,0.0253903206181922,0.0200868863262411,-0.013945105695273,0.5555555555555556,GRU,2,AAPL
0.000642307522294,0.0253437866605221,0.020742982529631,-0.0102319078772257,0.5079365079365079,Transformer,2,AAPL
0.000681586561266,0.0261072128207136,0.0205293681872599,-0.0720106308454964,0.4603174603174603,Stacked_Ensemble,2,AAPL
0.0007672268695453,0.0276988604376677,0.0213304728734891,-1.278141136219762,0.4603174603174603,Naive,3,AAPL
0.0004039193583612,0.0200977451063849,0.0158420289511924,-0.1993653279419491,0.5396825396825397,Ridge_Regression,3,AAPL
0.0003315322740647,0.0182080277368183,0.0141839389493776,0.015574999375467,0.5555555555555556,Random_Forest,3,AAPL
0.0003599536528752,0.0189724445677212,0.0148946858900437,-0.0688171338858054,0.4444444444444444,XGBoost,3,AAPL
0.0003368212152539,0.0183526895918276,0.0145117195442695,-0.000129552913449,0.4761904761904761,LSTM,3,AAPL
0.0003372675694861,0.018364846024024,0.0145503769907205,-0.001454920908122,0.4761904761904761,GRU,3,AAPL
0.0003494069486529,0.0186924302500489,0.0148977656825505,-0.0375006071919132,0.4761904761904761,Transformer,3,AAPL
0.0003367300175742,0.018350204837392,0.0144939697458798,0.0001412420677663,0.4761904761904761,Stacked_Ensemble,3,AAPL
0.0013090693168463,0.0361810629590439,0.026653886009488,-1.0188512143926411,0.492063492063492,Naive,4,AAPL
0.0007020774832703,0.0264967447674295,0.0214070144867586,-0.0827463156134729,0.3492063492063492,Ridge_Regression,4,AAPL
0.0006646478884062,0.0257807658615145,0.0196815734858771,-0.0250222653488216,0.4444444444444444,Random_Forest,4,AAPL
0.0006173320450512,0.024846167612959,0.0193676051994292,0.04794839142842,0.5238095238095238,XGBoost,4,AAPL
0.0006598142766042,0.0256868502663182,0.0193953979904677,-0.0175678525604696,0.4603174603174603,LSTM,4,AAPL
0.0006730174300074,0.0259425794786762,0.0197860817004246,-0.0379298012661704,0.4603174603174603,GRU,4,AAPL
0.000661347673619,0.0257166808437447,0.0194368556799827,-0.0199326627241391,0.4603174603174603,Transformer,4,AAPL
0.0006443531118139,0.0253841114048513,0.0193380031049705,0.006276409092625,0.5873015873015873,Stacked_Ensemble,4,AAPL
0.0005383474669631,0.0232023159827448,0.0193391022766195,-1.1385537666988168,0.4603174603174603,Naive,5,AAPL
0.0003448956750985,0.0185713670767263,0.015034219072015,-0.3700778593067397,0.4761904761904761,Ridge_Regression,5,AAPL
0.0002581078250753,0.0160657345015816,0.0132541406044593,-0.02531821064004,0.6031746031746031,Random_Forest,5,AAPL
0.0002548312201266,0.0159634338450923,0.0129537449817126,-0.0123020894822811,0.6190476190476191,XGBoost,5,AAPL
0.0002565178900747,0.0160161758879812,0.0131068327720423,-0.0190022870165329,0.6031746031746031,LSTM,5,AAPL
0.000249093651855,0.0157827010316691,0.0125957314052936,0.0104900642694856,0.6031746031746031,GRU,5,AAPL
0.0002539344015746,0.0159353193119763,0.0129024970575846,-0.0087395303358139,0.6031746031746031,Transformer,5,AAPL
0.000253142597745,0.0159104556108578,0.0129110132725677,-0.0055941360205729,0.6190476190476191,Stacked_Ensemble,5,AAPL
0.0002683365163968,0.0163809803246572,0.0125926144047357,-1.084460595163916,0.492063492063492,Naive,6,AAPL
0.0001667798354467,0.0129143267515881,0.0093857032572883,-0.2955597684761468,0.492063492063492,Ridge_Regression,6,AAPL
0.0001350989154372,0.0116232059018704,0.0084903329672528,-0.0494597211732017,0.4761904761904761,Random_Forest,6,AAPL
0.0001754022170894,0.0132439502071476,0.0096814639677717,-0.3625391532123398,0.4285714285714285,XGBoost,6,AAPL
0.0001301356627464,0.0114077019046965,0.0085115597291987,-0.0109047574401441,0.5079365079365079,LSTM,6,AAPL
0.0001559618571475,0.0124884689673123,0.0089609657583425,-0.2115248045176756,0.4603174603174603,GRU,6,AAPL
0.0001310772737434,0.0114488983637478,0.0084700208520077,-0.0182192707445461,0.5079365079365079,Transformer,6,AAPL
0.0001389609243688,0.0117881688301805,0.0085822159483393,-0.0794601308979643,0.4126984126984127,Stacked_Ensemble,6,AAPL
0.0003068915419183,0.0175183201796952,0.0136626490785563,-0.6288451158436881,0.5714285714285714,Naive,7,AAPL
0.0002099045297403,0.0144880823348142,0.0111538465228538,-0.1140807789093376,0.5079365079365079,Ridge_Regression,7,AAPL
0.0001946165531116,0.0139505036866642,0.0109972721158092,-0.0329389334639615,0.5238095238095238,Random_Forest,7,AAPL
0.0001781715070155,0.0133480900137624,0.0100102346968247,0.0543441270142328,0.5714285714285714,XGBoost,7,AAPL
0.0001931475096051,0.0138977519622833,0.0103173978599676,-0.0251418976592536,0.5555555555555556,LSTM,7,AAPL
0.0001904368144298,0.0137998845803076,0.0103871054354935,-0.0107547217557053,0.5555555555555556,GRU,7,AAPL
0.0001891926057489,0.0137547303044788,0.0106061636699998,-0.0041510101635093,0.492063492063492,Transformer,7,AAPL
0.0001862435739028,0.0136471086279434,0.0102312668372306,0.011501151798656,0.5238095238095238,Stacked_Ensemble,7,AAPL
0.0001974105337296,0.0140502858949443,0.0116221220277225,-1.064507763998697,0.492063492063492,Naive,8,AAPL
0.0001157702881716,0.0107596602256585,0.0086982049113381,-0.2107188722662791,0.5079365079365079,Ridge_Regression,8,AAPL
0.0001049909580439,0.0102465095541832,0.0082475179837549,-0.0979892710702674,0.5396825396825397,Random_Forest,8,AAPL
0.0001262491957952,0.0112360667404234,0.0091833079900696,-0.3203066725649011,0.4285714285714285,XGBoost,8,AAPL
9.693453352021442e-05,0.0098455336838697,0.0080175140943731,-0.0137356567107831,0.5555555555555556,LSTM,8,AAPL
9.565127131216934e-05,0.009780146793999,0.0079710939251617,-0.000315375929905,0.5555555555555556,GRU,8,AAPL
0.0001142382551215,0.0106882297468565,0.0087215418447892,-0.194696960635067,0.4603174603174603,Transformer,8,AAPL
0.0001019658403325,0.0100978136412049,0.00821757014766,-0.0663527677675603,0.4761904761904761,Stacked_Ensemble,8,AAPL
0.0002817518963577,0.016785466819775,0.0123361267750043,-0.6802908428696532,0.5396825396825397,Naive,9,AAPL
0.0001827010060054,0.0135166936047795,0.0107725696625771,-0.0895785666133679,0.4444444444444444,Ridge_Regression,9,AAPL
0.0001747805861911,0.0132204608917837,0.0101232688596845,-0.042343360541285,0.5079365079365079,Random_Forest,9,AAPL
0.0001748698259258,0.013223835522491,0.010269163864485,-0.0428755617828546,0.492063492063492,XGBoost,9,AAPL
0.0001729968025889,0.0131528248900722,0.0095692676182367,-0.0317053655843027,0.5873015873015873,LSTM,9,AAPL
0.0001720822095785,0.0131180108849825,0.0099001114819964,-0.0262509843355374,0.4126984126984127,GRU,9,AAPL
0.0001803435330421,0.0134292044828481,0.0099459523006751,-0.0755192460415525,0.4126984126984127,Transformer,9,AAPL
0.0001713763260995,0.0130910781106654,0.0099842772997233,-0.0220412893478882,0.492063492063492,Stacked_Ensemble,9,AAPL
0.0005608673973581,0.0236826391552582,0.0170186990596372,-1.0081188074912073,0.5555555555555556,Naive,10,AAPL
0.000303870925266,0.0174318939093263,0.0122881829728454,-0.0879735975930613,0.5555555555555556,Ridge_Regression,10,AAPL
0.0003114737144219,0.0176486179181804,0.0127199837516935,-0.1151944771900763,0.4603174603174603,Random_Forest,10,AAPL
0.0003089992353341,0.0175783740810737,0.0119694846310242,-0.106334900009682,0.492063492063492,XGBoost,10,AAPL
0.0002815813330447,0.0167803853663959,0.0115890521410593,-0.008168371684696,0.6190476190476191,LSTM,10,AAPL
0.0003648213009905,0.0191002958351579,0.0135559702764141,-0.3061991467917275,0.3809523809523809,GRU,10,AAPL
0.000330875833086,0.0181899926631664,0.012504926605183,-0.1846614484887039,0.4761904761904761,Transformer,10,AAPL
0.0002899840726118,0.017028918715286,0.0118170713031354,-0.0382533782986498,0.5714285714285714,Stacked_Ensemble,10,AAPL
0.0003914881915621,0.0197860605367043,0.0156051193648455,-0.8193414162752559,0.492063492063492,Naive,11,AAPL
0.0002927815057584,0.0171108592933983,0.0136656465906476,-0.3606272956033585,0.4444444444444444,Ridge_Regression,11,AAPL
0.0002826613492743,0.0168125354802407,0.0134708767912356,-0.3135964522022314,0.4285714285714285,Random_Forest,11,AAPL
0.0002940846636265,0.017148896863255,0.0139751220850162,-0.3666833890755216,0.3968253968253968,XGBoost,11,AAPL
0.0002183811424827,0.0147777245367039,0.0107321061168904,-0.0148706030363978,0.5396825396825397,LSTM,11,AAPL
0.0002159479206396,0.014695166574068,0.0105060036997457,-0.0035628257661282,0.6190476190476191,GRU,11,AAPL
0.0002172432149549,0.0147391728042986,0.0108300071968636,-0.0095823753847608,0.4126984126984127,Transformer,11,AAPL
0.0002223675288771,0.0149119927869209,0.0114177708605288,-0.0333963160082722,0.4444444444444444,Stacked_Ensemble,11,AAPL
0.0002662425887109,0.0163169417695506,0.0127274710080144,-1.1454520871715603,0.5079365079365079,Naive,12,AAPL
0.0001362219743661,0.0116714169819309,0.0091262797319635,-0.0977121302697885,0.6190476190476191,Ridge_Regression,12,AAPL
0.000127546253564,0.0112936377471605,0.0087367750068228,-0.0278009136138581,0.5873015873015873,Random_Forest,12,AAPL
0.0001296053220723,0.0113844333224096,0.0090579058631009,-0.0443934236632752,0.6031746031746031,XGBoost,12,AAPL
0.0001273514109868,0.0112850082404401,0.0087530368700705,-0.0262308214053355,0.6349206349206349,LSTM,12,AAPL
0.0001249820548242,0.0111795373260378,0.0085767667649609,-0.007137932665175,0.6349206349206349,GRU,12,AAPL
0.0001312788332923,0.0114576975563289,0.0089830943791445,-0.0578790127159309,0.3809523809523809,Transformer,12,AAPL
0.0001225894242376,0.0110720108488785,0.0085728427775164,0.0121425074427672,0.6190476190476191,Stacked_Ensemble,12,AAPL
0.000618766805909,0.024875023736853,0.0193579038169365,-0.9394010934881534,0.4285714285714285,Naive,13,AAPL
0.0003784381577432,0.0194534870330032,0.0157991564880366,-0.1861388974585498,0.4126984126984127,Ridge_Regression,13,AAPL
0.0004358373484166,0.0208767178554651,0.0166150142143764,-0.3660452080337077,0.6349206349206349,Random_Forest,13,AAPL
0.0003560117295054,0.018868273092826,0.0148627452358786,-0.1158477327871383,0.5555555555555556,XGBoost,13,AAPL
0.0003316686868712,0.0182117733038626,0.0140546379718749,-0.0395493227032368,0.4444444444444444,LSTM,13,AAPL
0.0003284895092781,0.0181242795519765,0.0140002676019634,-0.0295848248640606,0.4444444444444444,GRU,13,AAPL
0.0003382385241267,0.018391262167853,0.0142192107734708,-0.0601411667315774,0.4285714285714285,Transformer,13,AAPL
0.0003329652934813,0.018247336613361,0.0143480806031748,-0.0436132774165216,0.4603174603174603,Stacked_Ensemble,13,AAPL
0.0019269306510038,0.0438968182332597,0.0257766566434794,-1.0464497600162947,0.5555555555555556,Naive,14,AAPL
0.0010254376479245,0.0320224553700134,0.0213383118429757,-0.0890410754603669,0.5238095238095238,Ridge_Regression,14,AAPL
0.0009111378635173,0.0301850602702284,0.0182846000954968,0.0323482263539633,0.5555555555555556,Random_Forest,14,AAPL
0.0009017857109442,0.0300297471009041,0.0183685928229141,0.0422804521861741,0.5555555555555556,XGBoost,14,AAPL
0.000946039862736,0.030757761016303,0.0185660071304151,-0.0047185917424554,0.5396825396825397,LSTM,14,AAPL
0.0009805719741419,0.0313140858742832,0.0189396001049865,-0.0413925794974339,0.5396825396825397,GRU,14,AAPL
0.0009466457255481,0.0307676083820013,0.0185637988001309,-0.0053620335839974,0.5396825396825397,Transformer,14,AAPL
0.0009198340145949,0.0303287654644063,0.0180655939995147,0.0231126909304986,0.6349206349206349,Stacked_Ensemble,14,AAPL
0.0003535251157214,0.0188022635797253,0.013316635038574,-0.4993627512896046,0.5555555555555556,Naive,15,AAPL
0.0002955011938974,0.0171901481639178,0.0126390408735914,-0.2532730020814613,0.4603174603174603,Ridge_Regression,15,AAPL
0.0002558710220664,0.0159959689317801,0.0111748341318934,-0.0851944106939661,0.4603174603174603,Random_Forest,15,AAPL
0.000283574267665,0.0168396635258857,0.0119875595293741,-0.2026887914130122,0.4285714285714285,XGBoost,15,AAPL
0.0002468714806733,0.0157121443690348,0.0108947683832635,-0.0470257586140687,0.492063492063492,LSTM,15,AAPL
0.0002389532065418,0.0154581113510638,0.0109533060831097,-0.0134429528690052,0.5238095238095238,GRU,15,AAPL
0.0002422100631921,0.0155630994082847,0.0108582566245664,-0.0272558598748533,0.5238095238095238,Transformer,15,AAPL
0.0002539695407329,0.0159364218296641,0.0112659395773526,-0.0771298909274615,0.4126984126984127,Stacked_Ensemble,15,AAPL
0.0001967022020272,0.0140250562218926,0.0106512507393534,-0.6531309932706704,0.5396825396825397,Naive,16,AAPL
0.0001681459674125,0.0129671109894451,0.0094519843233695,-0.4131377648976297,0.4444444444444444,Ridge_Regression,16,AAPL
0.000265880391976,0.0163058391987677,0.0124729803092774,-1.2345205694123726,0.4603174603174603,Random_Forest,16,AAPL
0.0001587623239916,0.0126000922215519,0.0093722067655811,-0.3342754460769008,0.4285714285714285,XGBoost,16,AAPL
0.0001197838051273,0.0109445788008195,0.007668434606885,-0.0066909201173093,0.5714285714285714,LSTM,16,AAPL
0.0001199054668161,0.0109501354702188,0.0076519288271706,-0.0077133932079682,0.5714285714285714,GRU,16,AAPL
0.0001188045433544,0.0108997496922834,0.0075967390421812,0.0015390232724667,0.5714285714285714,Transformer,16,AAPL
0.0001252484938948,0.0111914473547835,0.0079472520293103,-0.0526174337867033,0.4603174603174603,Stacked_Ensemble,16,AAPL
0.0004242011151375,0.0205961432102593,0.0155187254239841,-0.7814374267417472,0.5714285714285714,Naive,17,AAPL
0.0002588469891252,0.0160887224205408,0.0117423527714672,-0.0870308864642854,0.5238095238095238,Ridge_Regression,17,AAPL
0.0013755963650902,0.0370890329489757,0.033047404728409,-4.776832642382904,0.492063492063492,Random_Forest,17,AAPL
0.0007954749158146,0.0282041648664629,0.0242671353149688,-2.340605992058834,0.4603174603174603,XGBoost,17,AAPL
0.0002426734406473,0.0155779793505894,0.0111771954813216,-0.019109884954727,0.4761904761904761,LSTM,17,AAPL
0.0002404819266514,0.0155074797001799,0.0111342419097034,-0.0099065969052367,0.4761904761904761,GRU,17,AAPL
0.0002526324081376,0.0158944143691308,0.0114669795047755,-0.0609326826460252,0.4761904761904761,Transformer,17,AAPL
0.0003486581926648,0.0186723911876555,0.0147274719219647,-0.4641940612342179,0.4444444444444444,Stacked_Ensemble,17,AAPL
0.0007230839918087,0.0268902211186287,0.0209156416862172,-1.2926735928070792,0.3968253968253968,Naive,18,AAPL
0.0003303934277121,0.0181767276403694,0.0140603067635444,-0.0475744111799669,0.4761904761904761,Ridge_Regression,18,AAPL
0.0003336887416426,0.0182671492478339,0.013725840194347,-0.0580228228637911,0.4444444444444444,Random_Forest,18,AAPL
0.0003287136986491,0.0181304632772894,0.0138016404745662,-0.0422485147287854,0.4285714285714285,XGBoost,18,AAPL
0.0003179103027931,0.0178300393379578,0.0133821385775165,-0.0079943192655831,0.5555555555555556,LSTM,18,AAPL
0.000320905955144,0.0179138481389143,0.0134570116750172,-0.0174925976344577,0.5396825396825397,GRU,18,AAPL
0.0003343759275051,0.0182859489090695,0.0137389504113884,-0.0602016746957487,0.4603174603174603,Transformer,18,AAPL
0.0003207182941096,0.0179086094968203,0.0135250786874396,-0.0168975830814803,0.492063492063492,Stacked_Ensemble,18,AAPL
0.0004944857817334,0.0222370362623596,0.0175373829370264,-1.1927133243637225,0.4761904761904761,Naive,0,MSFT
0.0002825089759193,0.0168080033293463,0.0133476778954371,-0.2527381345101884,0.5714285714285714,Ridge_Regression,0,MSFT
0.0002665849488579,0.0163274293401608,0.0129500740741978,-0.1821257375417766,0.4603174603174603,Random_Forest,0,MSFT
0.0002413012841433,0.0155338753742702,0.012346390984661,-0.0700096149829827,0.4761904761904761,XGBoost,0,MSFT
0.0002223685859828,0.0149120282316941,0.0112348361053427,0.013944223643455,0.5396825396825397,LSTM,0,MSFT
0.0002352181644124,0.0153368238045697,0.0117244132441443,-0.0430350523555669,0.5238095238095238,GRU,0,MSFT
0.0002297528259483,0.0151575996103731,0.0115001386123087,-0.0187999359681305,0.5396825396825397,Transformer,0,MSFT
0.0002235194062218,0.0149505654147864,0.0112479331871311,0.0088411064960193,0.492063492063492,Stacked_Ensemble,0,MSFT
0.000881595456692,0.029691673187816,0.0242379351147032,-1.1565823007895355,0.492063492063492,Naive,1,MSFT
0.000590603787488,0.0243023411935569,0.0189384018903414,-0.4447507246182156,0.5238095238095238,Ridge_Regression,1,MSFT
0.0004298394565101,0.0207325699446583,0.016572222275358,-0.0514847337905066,0.5238095238095238,Random_Forest,1,MSFT
0.0004694167453798,0.0216660274480547,0.0174814316862461,-0.148299752563298,0.5238095238095238,XGBoost,1,MSFT
0.0006252862569672,0.0250057244839498,0.019904678323543,-0.5295919057502807,0.4761904761904761,LSTM,1,MSFT
0.0006585481259374,0.0256621925395595,0.0202911048959833,-0.6109579760582038,0.4761904761904761,GRU,1,MSFT
0.0010830186437389,0.0329092486048973,0.0253325579984073,-1.6493090688967564,0.5238095238095238,Transformer,1,MSFT
0.000421798907053,0.0205377434751985,0.0162893145635536,-0.0318157274269212,0.5079365079365079,Stacked_Ensemble,1,MSFT
0.0012080867873682,0.0347575428845056,0.0291712684266781,-1.184654424215927,0.4285714285714285,Naive,2,MSFT
0.0006916178869434,0.0262986289936079,0.0212806177351006,-0.250693321354309,0.3968253968253968,Ridge_Regression,2,MSFT
0.0005803586541272,0.0240906341578465,0.0195571537191783,-0.0494967039023781,0.4603174603174603,Random_Forest,2,MSFT
0.0006311025260164,0.0251217540394071,0.0201463448336835,-0.1412598333264147,0.492063492063492,XGBoost,2,MSFT
0.0005609560066147,0.0236845098453554,0.0195680445104222,-0.0144097547089852,0.492063492063492,LSTM,2,MSFT
0.0005592359453406,0.0236481700209696,0.0195352293114613,-0.01129926669474,0.492063492063492,GRU,2,MSFT
0.0006447800525545,0.02539251961808,0.0204714849707558,-0.1659937093825416,0.492063492063492,Transformer,2,MSFT
0.0005772380809184,0.0240257795069896,0.0196261665535577,-0.0438535877473158,0.492063492063492,Stacked_Ensemble,2,MSFT
0.0006826600187213,0.0261277633700507,0.0196163909725212,-0.9687168708546284,0.6031746031746031,Naive,3,MSFT
0.0003633117604779,0.0190607387180551,0.0136217813934023,-0.0477514027737557,0.6031746031746031,Ridge_Regression,3,MSFT
0.0003675859129661,0.0191725301660002,0.0143184902168389,-0.0600775913323419,0.492063492063492,Random_Forest,3,MSFT
0.0003577439805928,0.0189141211953616,0.0140575380617461,-0.0316945342118526,0.5238095238095238,XGBoost,3,MSFT
0.0003504226638964,0.0187195796933704,0.0139228585241604,-0.0105806571694664,0.4603174603174603,LSTM,3,MSFT
0.0003602105987204,0.0189792149131752,0.0142760907224867,-0.0388079912603298,0.4285714285714285,GRU,3,MSFT
0.0003564642663524,0.0188802612893058,0.0141512905723223,-0.0280039782311369,0.4126984126984127,Transformer,3,MSFT
0.0003505166238159,0.0187220891947445,0.0140302460889877,-0.0108516273063925,0.5079365079365079,Stacked_Ensemble,3,MSFT
0.0011995886446882,0.0346350782399607,0.0255273854626172,-0.845903199004379,0.5238095238095238,Naive,4,MSFT
0.0007749266191765,0.0278375038244556,0.0215038059078367,-0.1924417021332378,0.4444444444444444,Ridge_Regression,4,MSFT
0.0006461409423015,0.025419302553406,0.0191735205793845,0.0057311415179078,0.4761904761904761,Random_Forest,4,MSFT
0.0006700795939524,0.0258858956567554,0.0193569212431303,-0.0311051805478208,0.5079365079365079,XGBoost,4,MSFT
0.0006504624013821,0.0255041643929407,0.0188529113861313,-0.000918633950103,0.5079365079365079,LSTM,4,MSFT
0.0006504168986962,0.025503272313495,0.0188813000791139,-0.0008486153201598,0.4761904761904761,GRU,4,MSFT
0.0006634328069197,0.0257571894219807,0.0191010978471411,-0.0208772365763891,0.492063492063492,Transformer,4,MSFT
0.0006513596649865,0.0255217488622262,0.0188503063062841,-0.0022993253771621,0.4603174603174603,Stacked_Ensemble,4,MSFT
0.000639100992013,0.025280446831753,0.0204457701036292,-0.7803070821752498,0.5555555555555556,Naive,5,MSFT
0.0004734499979417,0.0217589061752132,0.0172844090587537,-0.318862581853516,0.4444444444444444,Ridge_Regression,5,MSFT
0.0003875642167321,0.0196866507240859,0.0155642709965143,-0.0796154730922833,0.4285714285714285,Random_Forest,5,MSFT
0.0003727796271772,0.0193075018367786,0.0155724289651141,-0.0384308875249579,0.4761904761904761,XGBoost,5,MSFT
0.0003622147911064,0.0190319413383503,0.0152444865552332,-0.0090010279035197,0.5079365079365079,LSTM,5,MSFT
0.0003601533896547,0.0189777077028495,0.0152545034938276,-0.0032586997748305,0.5079365079365079,GRU,5,MSFT
0.0003629656356442,0.0190516570314563,0.0152157961155843,-0.0110926125904782,0.5079365079365079,Transformer,5,MSFT
0.0003643948727223,0.0190891297004949,0.0153173402113431,-0.0150739565783775,0.4761904761904761,Stacked_Ensemble,5,MSFT
0.0005208635148749,0.0228224344642491,0.0168099951403233,-0.9266818531522356,0.5396825396825397,Naive,6,MSFT
0.0003262824917253,0.0180632912761033,0.0134114734146745,-0.2069237676581334,0.5238095238095238,Ridge_Regression,6,MSFT
0.0002790365078516,0.0167043858866953,0.0125741303381499,-0.0321601738101726,0.4444444444444444,Random_Forest,6,MSFT
0.0002925135264161,0.0171030268203077,0.0128789252465297,-0.082011865014012,0.4444444444444444,XGBoost,6,MSFT
0.0002742789343701,0.0165613687348027,0.0123573952055887,-0.014561839063893,0.5079365079365079,LSTM,6,MSFT
0.0002754900402204,0.0165978926439599,0.0123509599717109,-0.0190417375352038,0.5079365079365079,GRU,6,MSFT
0.000276726918443,0.016635111013848,0.0123826930144931,-0.0236169683932774,0.4761904761904761,Transformer,6,MSFT
0.0002757811556568,0.0166066599789607,0.0124086422375121,-0.0201185778445465,0.5238095238095238,Stacked_Ensemble,6,MSFT
0.0004009086200142,0.020022702615138,0.0161738330862339,-1.1397864688730568,0.5079365079365079,Naive,7,MSFT
0.0002143402876087,0.0146403650094094,0.0111112767779581,-0.1440074477401729,0.5555555555555556,Ridge_Regression,7,MSFT
0.0001843007646619,0.0135757417720717,0.010459863996765,0.0163237637229515,0.5396825396825397,Random_Forest,7,MSFT
0.000200103468718,0.0141457933223306,0.010983362723416,-0.0680206744427587,0.5396825396825397,XGBoost,7,MSFT
0.0001890796352551,0.0137506230860684,0.0106047689120487,-0.0091827036394656,0.5079365079365079,LSTM,7,MSFT
0.0001909371113671,0.0138179995428854,0.0106098019069683,-0.0190966891524544,0.5079365079365079,GRU,7,MSFT
0.0002282029601546,0.0151063880578584,0.0117323680543517,-0.2179972739878821,0.5079365079365079,Transformer,7,MSFT
0.0001910642466915,0.0138225991293803,0.010568531857724,-0.019775253875707,0.5238095238095238,Stacked_Ensemble,7,MSFT
0.0004619218526487,0.0214923673114134,0.0172350343760056,-1.8259327183320275,0.4444444444444444,Naive,8,MSFT
0.0002235421742994,0.0149513268407657,0.0119199663507977,-0.3675801234720353,0.4285714285714285,Ridge_Regression,8,MSFT
0.0001694006323842,0.0130153998165342,0.0101077615295614,-0.0363544976617828,0.6349206349206349,Random_Forest,8,MSFT
0.0001865239388734,0.0136573767200518,0.0105533775459125,-0.141110987912931,0.492063492063492,XGBoost,8,MSFT
0.0001609439093462,0.0126863670665093,0.0096898682789137,0.0153818083518819,0.6666666666666666,LSTM,8,MSFT
0.0001644760476949,0.0128248215463209,0.009908040977695,-0.0062270098242194,0.6666666666666666,GRU,8,MSFT
0.0001766864055828,0.0132923438709227,0.0105991726264254,-0.0809271991745246,0.3333333333333333,Transformer,8,MSFT
0.0001700359535064,0.0130397834915469,0.0102002773557483,-0.0402412476293974,0.5079365079365079,Stacked_Ensemble,8,MSFT
0.0003080102967575,0.0175502221284392,0.0139199227205767,-1.1941328347836495,0.5396825396825397,Naive,9,MSFT
0.000147300078087,0.0121367243557329,0.0094002801819867,-0.0493023814439823,0.5238095238095238,Ridge_Regression,9,MSFT
0.0001458322009519,0.0120761004033558,0.009043288157791,-0.0388458562775224,0.5238095238095238,Random_Forest,9,MSFT
0.0001655856702458,0.0128680095681437,0.0097834198602887,-0.179561072732667,0.5555555555555556,XGBoost,9,MSFT
0.000142047240822,0.0119183573038429,0.0090507468860736,-0.0118834287654951,0.492063492063492,LSTM,9,MSFT
0.0001408373058168,0.0118674894487786,0.0090995279086953,-0.0032643723547314,0.492063492063492,GRU,9,MSFT
0.0001407306558649,0.0118629952315997,0.0091568130243798,-0.0025046439827063,0.492063492063492,Transformer,9,MSFT
0.0001411538510498,0.0118808186186729,0.008924460020506,-0.0055193044027357,0.5714285714285714,Stacked_Ensemble,9,MSFT
0.0002699609095508,0.0164304871976117,0.0130079811185466,-0.9652598262594544,0.4761904761904761,Naive,10,MSFT
0.0001656811798412,0.0128717201585979,0.0096658010020595,-0.206124869155992,0.6031746031746031,Ridge_Regression,10,MSFT
0.0001355222921827,0.0116414042186811,0.008785659055226,0.0134256221302688,0.5555555555555556,Random_Forest,10,MSFT
0.0001374055008624,0.0117220092502309,0.0089489172428995,-0.000283749233821,0.492063492063492,XGBoost,10,MSFT
0.0001374775377709,0.0117250815677741,0.0088241548640108,-0.000808163092236,0.5873015873015873,LSTM,10,MSFT
0.0001424319410054,0.0119344853682695,0.0092066257678801,-0.0368751983382567,0.4126984126984127,GRU,10,MSFT
0.0001304754569369,0.0114225853875985,0.0086807786385279,0.0501655433830053,0.6349206349206349,Transformer,10,MSFT
0.0001352461505705,0.0116295378485368,0.0087691273631833,0.0154358761987851,0.6190476190476191,Stacked_Ensemble,10,MSFT
0.0003108016113442,0.0176295663969448,0.0140789273417725,-0.8448780060908521,0.5396825396825397,Naive,11,MSFT
0.0002217947721707,0.0148927758383304,0.0121864787158481,-0.3165449666555788,0.4444444444444444,Ridge_Regression,11,MSFT
0.0001824907472751,0.0135089136230534,0.010948543644221,-0.0832413786619827,0.3968253968253968,Random_Forest,11,MSFT
0.0001697697339539,0.0130295715184336,0.0110676051041492,-0.0077310954628282,0.4761904761904761,XGBoost,11,MSFT
0.0001690373501384,0.0130014364644248,0.0104439325170272,-0.0033837602370208,0.5079365079365079,LSTM,11,MSFT
0.000174739989924,0.0132189254451339,0.0104729514011014,-0.0372338894930601,0.5079365079365079,GRU,11,MSFT
0.0002203061394906,0.0148427133466427,0.0120752746523233,-0.3077086363711974,0.5079365079365079,Transformer,11,MSFT
0.0001704146618576,0.0130542966818475,0.0106677206913267,-0.0115593037527956,0.4126984126984127,Stacked_Ensemble,11,MSFT
0.0003896561206335,0.019739709233763,0.0142938289854379,-1.1960272975019972,0.5238095238095238,Naive,12,MSFT
0.0001782438927716,0.0133508012033614,0.008953207055469,-0.0045484554515171,0.5396825396825397,Ridge_Regression,12,MSFT
0.0001734355655428,0.0131694937466411,0.0085820125237358,0.0225503562718122,0.6031746031746031,Random_Forest,12,MSFT
0.0001746884672607,0.0132169764795416,0.0092696231554199,0.0154892420534566,0.5079365079365079,XGBoost,12,MSFT
0.0001775005608083,0.0133229336412192,0.0087782661620365,-0.0003591788145742,0.5873015873015873,LSTM,12,MSFT
0.0001784750117655,0.0133594540219839,0.0087043429115614,-0.0058509978537393,0.5873015873015873,GRU,12,MSFT
0.0001818590524935,0.0134855126893117,0.0087689120807332,-0.0249228035337176,0.5873015873015873,Transformer,12,MSFT
0.00017212102119,0.0131194901269082,0.0085729094605831,0.0299588765788553,0.5873015873015873,Stacked_Ensemble,12,MSFT
0.0005467685036267,0.0233830815682348,0.0187602779263298,-1.1550858444560204,0.3968253968253968,Naive,13,MSFT
0.0002982266454518,0.0172692398631756,0.0124888717237337,-0.1754591162254535,0.5555555555555556,Ridge_Regression,13,MSFT
0.0002686641794262,0.0163909785987975,0.0120044677722914,-0.058938776014717,0.3333333333333333,Random_Forest,13,MSFT
0.0002991081980809,0.017294744811096,0.0127988312508219,-0.1789337523454721,0.4603174603174603,XGBoost,13,MSFT
0.0002671134963792,0.0163436072021816,0.0118305019179231,-0.0528267650599163,0.4761904761904761,LSTM,13,MSFT
0.0002700830832846,0.0164342046745391,0.0118901383825271,-0.0645313798307989,0.4761904761904761,GRU,13,MSFT
0.0002718255595333,0.0164871331508335,0.0123026671847957,-0.071399342913706,0.4444444444444444,Transformer,13,MSFT
0.0002711393968893,0.016466310967833,0.0119587104652712,-0.0686948356293131,0.3809523809523809,Stacked_Ensemble,13,MSFT
0.0007991650853501,0.0282695080493121,0.018180340592629,-1.0447134546954966,0.5238095238095238,Naive,14,MSFT
0.0005388865320273,0.0232139296980798,0.016482168390341,-0.3787746271571133,0.3809523809523809,Ridge_Regression,14,MSFT
0.0004253378690472,0.0206237210281564,0.0127419101691549,-0.0882533278481965,0.4444444444444444,Random_Forest,14,MSFT
0.0004861871607356,0.0220496521681335,0.015355456501014,-0.2439400159992077,0.3174603174603174,XGBoost,14,MSFT
0.000429881087479,0.0207335739195888,0.0130520667817132,-0.0998774340879209,0.3809523809523809,LSTM,14,MSFT
0.0004057765578263,0.0201438962920866,0.0122958710008877,-0.0382044994170942,0.5714285714285714,GRU,14,MSFT
0.0003927371303987,0.019817596483902,0.0120402999049943,-0.0048423153184129,0.6825396825396826,Transformer,14,MSFT
0.0004202409992964,0.02049978046947,0.0129859665867668,-0.0752126703579667,0.3174603174603174,Stacked_Ensemble,14,MSFT
0.0002686830795595,0.0163915551293825,0.0120382737619017,-1.5881403470715243,0.3809523809523809,Naive,15,MSFT
0.0001197751403544,0.0109441829459504,0.0081110440761591,-0.1537565887498153,0.5396825396825397,Ridge_Regression,15,MSFT
0.00013130040912,0.0114586390605534,0.0083273022823229,-0.2647759099218312,0.4285714285714285,Random_Forest,15,MSFT
0.0001282759754913,0.0113258984408001,0.0084090315999582,-0.2356424836027386,0.4761904761904761,XGBoost,15,MSFT
0.0001037170296662,0.0101841558151022,0.0074561598254459,0.0009261856097511,0.5238095238095238,LSTM,15,MSFT
0.0001040828185252,0.0102020987314011,0.0074177520950453,-0.0025973444390208,0.5238095238095238,GRU,15,MSFT
0.000102840444959,0.0101410278058522,0.0073743793037169,0.00937005283087,0.5714285714285714,Transformer,15,MSFT
0.000107467098191,0.0103666338891193,0.0075290624034078,-0.0351970554559626,0.5238095238095238,Stacked_Ensemble,15,MSFT
0.0002407974602459,0.0155176499588682,0.0122119301985872,-0.7146490418585991,0.5555555555555556,Naive,16,MSFT
0.0001722310574045,0.0131236830731508,0.0099956114576537,-0.2264075262890226,0.492063492063492,Ridge_Regression,16,MSFT
0.0001483935069901,0.0121816873621902,0.0091184252276587,-0.056667226966554,0.492063492063492,Random_Forest,16,MSFT
0.0001642149940786,0.0128146398341388,0.00961113856593,-0.1693274587208817,0.4603174603174603,XGBoost,16,MSFT
0.0001465592361575,0.0121061652127141,0.0089930276300541,-0.0436059150970682,0.5238095238095238,LSTM,16,MSFT
0.0001414816493058,0.0118946058911528,0.0092786150093669,-0.0074498882797624,0.4761904761904761,GRU,16,MSFT
0.0002595401598475,0.0161102501485085,0.0124912666768699,-0.8481103826917868,0.5238095238095238,Transformer,16,MSFT
0.0001483335935221,0.0121792279526299,0.0090704912445807,-0.0562406004961724,0.4761904761904761,Stacked_Ensemble,16,MSFT
0.0008226218008226,0.0286813842208252,0.0210681727751186,-0.9138380197608555,0.5714285714285714,Naive,17,MSFT
0.0005477993154358,0.0234051130190792,0.0161579548057746,-0.2744607011773492,0.4603174603174603,Ridge_Regression,17,MSFT
0.0005023246517377,0.02241260028952,0.0152232705903655,-0.1686634317222994,0.3809523809523809,Random_Forest,17,MSFT
0.0004961301035513,0.0222739781707574,0.0153681640959943,-0.154251752111393,0.4761904761904761,XGBoost,17,MSFT
0.0004401687740447,0.020980199571137,0.0143925611032069,-0.0240571475688551,0.5238095238095238,LSTM,17,MSFT
0.00045106046376,0.0212381840975186,0.0144730627272759,-0.0493967749113835,0.3968253968253968,GRU,17,MSFT
0.0006184554156275,0.024868763854031,0.0182469677146736,-0.438842839773317,0.4444444444444444,Transformer,17,MSFT
0.0004688437077288,0.0216527990737647,0.0148046119587346,-0.0907696735970415,0.492063492063492,Stacked_Ensemble,17,MSFT
0.0008660768374361,0.0294291834313512,0.0228360141463695,-0.7824502949672092,0.5079365079365079,Naive,18,MSFT
0.0005274663470135,0.0229666355179327,0.0185410994884147,-0.0855648196329421,0.4285714285714285,Ridge_Regression,18,MSFT
0.0005889711840418,0.024268728521326,0.0193302489989731,-0.2121463308386446,0.4761904761904761,Random_Forest,18,MSFT
0.0005413010810805,0.0232658780423303,0.0185880266125944,-0.1140377272926793,0.492063492063492,XGBoost,18,MSFT
0.0004862381992937,0.0220508094929354,0.0172849044044849,-0.0007142372276656,0.5396825396825397,LSTM,18,MSFT
0.0004863683113927,0.0220537595750187,0.0173843750293048,-0.0009820175667933,0.492063492063492,GRU,18,MSFT
0.0004918233782808,0.0221770912944148,0.0175513398935727,-0.012208949362489,0.4285714285714285,Transformer,18,MSFT
0.0005012926265386,0.0223895651261615,0.0175626146330931,-0.0316973638087512,0.4761904761904761,Stacked_Ensemble,18,MSFT
0.0005114904285307,0.0226161541498719,0.0183661903268003,-1.033522507700475,0.492063492063492,Naive,0,GOOGL
0.0003322211157318,0.018226933799513,0.0145760771594961,-0.3208050017956458,0.5079365079365079,Ridge_Regression,0,GOOGL
0.0002574161851042,0.0160441947477655,0.0123588924750706,-0.0234044999814571,0.5238095238095238,Random_Forest,0,GOOGL
0.0002379423147967,0.015425378919066,0.0120650718656424,0.0540173858904032,0.6031746031746031,XGBoost,0,GOOGL
0.0002533119911556,0.0159157780568736,0.0122937576798097,-0.0070875362518501,0.5238095238095238,LSTM,0,GOOGL
0.0002539648517349,0.0159362747132117,0.0123051000467897,-0.0096831013070886,0.5238095238095238,GRU,0,GOOGL
0.0017721222377049,0.0420965822568169,0.0361766260694404,-6.045391772277819,0.5238095238095238,Transformer,0,GOOGL
0.0002468459454287,0.0157113317522349,0.0121651571905025,0.0186193954676525,0.5396825396825397,Stacked_Ensemble,0,GOOGL
0.0009335733257777,0.0305544321789454,0.0238627393263915,-0.9810936497856582,0.5238095238095238,Naive,1,GOOGL
0.0005118175705621,0.0226233854796792,0.0171642678572001,-0.0861048734920473,0.5238095238095238,Ridge_Regression,1,GOOGL
0.0004847970784119,0.0220181079662166,0.0166665633396045,-0.0287659115329288,0.5079365079365079,Random_Forest,1,GOOGL
0.0005429730002862,0.02330178105395,0.0177349489702114,-0.1522183991021195,0.5238095238095238,XGBoost,1,GOOGL
0.0004712758193094,0.021708888025633,0.0162304124097915,-7.306030696940802e-05,0.492063492063492,LSTM,1,GOOGL
0.0004763064269912,0.0218244456284977,0.0163168986080913,-0.0107482849066327,0.492063492063492,GRU,1,GOOGL
0.0005105927837043,0.0225963002215929,0.016890103735169,-0.0835058088022873,0.4444444444444444,Transformer,1,GOOGL
0.0004810347131604,0.0219325035771224,0.0163533641096555,-0.0207819667242261,0.5238095238095238,Stacked_Ensemble,1,GOOGL
0.001396295690849,0.0373670401670913,0.0309766283413888,-1.223947307940835,0.492063492063492,Naive,2,GOOGL
0.0007116903727475,0.0266775256114117,0.0217177971552489,-0.1335434886265925,0.5873015873015873,Ridge_Regression,2,GOOGL
0.0006677961029944,0.025841751159596,0.0212147367940692,-0.063630973898457,0.4603174603174603,Random_Forest,2,GOOGL
0.000648790131864,0.025471359050197,0.0200575135433791,-0.0333592495013006,0.5555555555555556,XGBoost,2,GOOGL
0.0006357734133694,0.0252145476534773,0.0208159125300794,-0.0126268958573372,0.5396825396825397,LSTM,2,GOOGL
0.0006462918009508,0.0254222697836136,0.0209524063828147,-0.0293800376873509,0.4761904761904761,GRU,2,GOOGL
0.0006623119773839,0.0257354226191051,0.021187410325579,-0.0548961432548544,0.4126984126984127,Transformer,2,GOOGL
0.0006397656011427,0.0252935881429015,0.0206376151945623,-0.0189854453460307,0.5238095238095238,Stacked_Ensemble,2,GOOGL
0.0012061589961882,0.0347297998293726,0.0278682338956917,-1.2666316957476802,0.5079365079365079,Naive,3,GOOGL
0.0005627863473217,0.0237231184147813,0.0182666619837955,-0.057596367315388,0.5079365079365079,Ridge_Regression,3,GOOGL
0.0005601061658868,0.023666562189868,0.0176662072664182,-0.0525597310097463,0.4285714285714285,Random_Forest,3,GOOGL
0.0005658691161985,0.0237880036194408,0.0174799933799112,-0.0633895518531508,0.4603174603174603,XGBoost,3,GOOGL
0.0005378148805117,0.0231908361322257,0.0169277028561062,-0.0106696202283915,0.5873015873015873,LSTM,3,GOOGL
0.0005481562197045,0.0234127362711956,0.0172305776822875,-0.0301032166820756,0.4126984126984127,GRU,3,GOOGL
0.0005660212971609,0.0237912020957536,0.0176509768517381,-0.063675532552297,0.4126984126984127,Transformer,3,GOOGL
0.0005437164865514,0.0233177290178841,0.0171760683660238,-0.0217600049519131,0.4444444444444444,Stacked_Ensemble,3,GOOGL
0.0012732554215992,0.0356827047965708,0.0256711218981262,-0.8334803810415883,0.5714285714285714,Naive,4,GOOGL
0.0008322936864904,0.0288495006280942,0.0202551792353693,-0.1984980543246304,0.5714285714285714,Ridge_Regression,4,GOOGL
0.0007317045958662,0.0270500387405689,0.0199934242778144,-0.0536503504958771,0.492063492063492,Random_Forest,4,GOOGL
0.0007449098597666,0.0272930368366479,0.0199090426498804,-0.0726658534947524,0.492063492063492,XGBoost,4,GOOGL
0.000703391379849,0.026521526725455,0.0200090325953303,-0.0128794845633957,0.4126984126984127,LSTM,4,GOOGL
0.0007049085181182,0.0265501133353181,0.0200428699790246,-0.0150641548225867,0.4126984126984127,GRU,4,GOOGL
0.0007010088997412,0.0264765726585077,0.0196270761680123,-0.0094487271036223,0.6190476190476191,Transformer,4,GOOGL
0.0007120067943683,0.0266834554428082,0.0196882482330087,-0.0252856312231477,0.4603174603174603,Stacked_Ensemble,4,GOOGL
0.0011411976480229,0.033781617013147,0.0255756801430538,-0.9255172665112306,0.5238095238095238,Naive,5,GOOGL
0.0006022802840214,0.024541399390039,0.0186622925248343,-0.0162140521158793,0.6031746031746031,Ridge_Regression,5,GOOGL
0.0006057969750579,0.024612943242488,0.0189631096165567,-0.0221476862445115,0.5714285714285714,Random_Forest,5,GOOGL
0.0005843108805453,0.0241725232556593,0.0184620016136085,0.014105320450232,0.6031746031746031,XGBoost,5,GOOGL
0.0005965238735926,0.0244238382240102,0.018936770041804,-0.0065013895521668,0.5396825396825397,LSTM,5,GOOGL
0.0006001231204099,0.0244974104837631,0.0189969929330663,-0.0125743182032862,0.4603174603174603,GRU,5,GOOGL
0.0006026939684663,0.0245498262410615,0.0190178651003298,-0.0169120526269466,0.4603174603174603,Transformer,5,GOOGL
0.0005868225482551,0.0242244204936903,0.0186220328021545,0.0098674397016943,0.6031746031746031,Stacked_Ensemble,5,GOOGL
0.0005423627738047,0.0232886833849569,0.0187848829333903,-0.94049966319618,0.492063492063492,Naive,6,GOOGL
0.0003535337253389,0.0188024925299533,0.0147438788204812,-0.2648952105176683,0.5079365079365079,Ridge_Regression,6,GOOGL
0.0002998464315322,0.0173160743684089,0.0134606627202832,-0.0728094321760968,0.4444444444444444,Random_Forest,6,GOOGL
0.000330585366356,0.0181820066647237,0.0139283515661981,-0.182789127600472,0.4603174603174603,XGBoost,6,GOOGL
0.0002841085500488,0.0168555198688384,0.0128047946088466,-0.0165014494142239,0.5396825396825397,LSTM,6,GOOGL
0.0002861187472925,0.0169150449982424,0.0128086513774408,-0.023693659615354,0.492063492063492,GRU,6,GOOGL
0.0002800651788202,0.0167351480071217,0.0128834799283217,-0.0020348213820082,0.5079365079365079,Transformer,6,GOOGL
0.0002925122214489,0.0171029886700817,0.0130007794944625,-0.0465686337955868,0.4444444444444444,Stacked_Ensemble,6,GOOGL
0.0004300990589986,0.020738829740336,0.0168945268403542,-0.7272684120007373,0.492063492063492,Naive,7,GOOGL
0.0002491987084498,0.0157860289005777,0.0121780765852498,-0.0007765616111363,0.5396825396825397,Ridge_Regression,7,GOOGL
0.0002468279817358,0.0157107600623208,0.0115551479732192,0.008744225010009,0.5555555555555556,Random_Forest,7,GOOGL
0.000252559496253,0.0158921205713113,0.0121266905034231,-0.0142734119075753,0.4285714285714285,XGBoost,7,GOOGL
0.0002500270957299,0.0158122451198429,0.011551750859919,-0.004103346806134,0.5714285714285714,LSTM,7,GOOGL
0.0002517801946541,0.0158675831384025,0.011644726123792,-0.0111437537342371,0.4285714285714285,GRU,7,GOOGL
0.0002624403014265,0.0162000093032864,0.0117437264825231,-0.0539545093296476,0.5396825396825397,Transformer,7,GOOGL
0.0002445419074064,0.0156378357647856,0.0115672852295695,0.0179250495062553,0.5238095238095238,Stacked_Ensemble,7,GOOGL
0.0007373653318088,0.0271544716724303,0.019201637293267,-1.0899187640000094,0.4761904761904761,Naive,8,GOOGL
0.0003683930988438,0.019193569205435,0.0135188477388912,-0.044138660429229,0.5238095238095238,Ridge_Regression,8,GOOGL
0.0003528224223136,0.0187835678802939,0.0127521574060569,-6.603164152796381e-06,0.5555555555555556,Random_Forest,8,GOOGL
0.0003605372568945,0.0189878186449773,0.013047748701002,-0.0218728028026746,0.5238095238095238,XGBoost,8,GOOGL
0.0004096430735278,0.0202396411412821,0.0146105541494139,-0.1610536988610682,0.4285714285714285,LSTM,8,GOOGL
0.0003557551180581,0.0188614717892903,0.0129737862736792,-0.0083187594336544,0.4285714285714285,GRU,8,GOOGL
0.0003531592041641,0.0187925305417916,0.0128288326591485,-0.0009611458833478,0.5714285714285714,Transformer,8,GOOGL
0.0003509198881505,0.0187328558460937,0.0128297226170671,0.0053857602614781,0.5238095238095238,Stacked_Ensemble,8,GOOGL
0.0006127541250694,0.0247538709108189,0.0182682918503702,-1.005359959323485,0.5238095238095238,Naive,9,GOOGL
0.0003271635833039,0.0180876638431822,0.012834241749468,-0.0707080103820725,0.492063492063492,Ridge_Regression,9,GOOGL
0.0003047397534999,0.0174567967708834,0.0123479690108817,0.0026784403718911,0.5396825396825397,Random_Forest,9,GOOGL
0.0003363926362171,0.0183410096836879,0.013414474664251,-0.1009119248354537,0.5079365079365079,XGBoost,9,GOOGL
0.0003181129193167,0.0178357203195376,0.0132529361019997,-0.0410879092311373,0.3809523809523809,LSTM,9,GOOGL
0.0003118908770345,0.0176604325268252,0.0121904454109208,-0.0207250361838595,0.5714285714285714,GRU,9,GOOGL
0.0003073868253525,0.0175324506373896,0.0123802685660769,-0.0059846296678411,0.5714285714285714,Transformer,9,GOOGL
0.0003090374807791,0.0175794619024341,0.0125846316119054,-0.0113867284278077,0.492063492063492,Stacked_Ensemble,9,GOOGL
0.0007808408578224,0.0279435298024859,0.0172657526768009,-1.587043944844055,0.492063492063492,Naive,10,GOOGL
0.0003585171814876,0.0189345499415132,0.0124391576558999,-0.1878216850444771,0.492063492063492,Ridge_Regression,10,GOOGL
0.0003182838526652,0.0178405115583965,0.0122002304940436,-0.0545225772069113,0.4603174603174603,Random_Forest,10,GOOGL
0.0003871916463141,0.0196771859348382,0.0139453806431052,-0.2828245269910641,0.4126984126984127,XGBoost,10,GOOGL
0.0003112123445966,0.0176412115399318,0.0117106873550924,-0.0310936006790207,0.6666666666666666,LSTM,10,GOOGL
0.0003169247766816,0.0178023812081883,0.0119922028676247,-0.0500197527724581,0.3333333333333333,GRU,10,GOOGL
0.000327088740431,0.0180855948321055,0.011849158543552,-0.0836945030242481,0.5396825396825397,Transformer,10,GOOGL
0.0003229240966018,0.0179700889425148,0.0121870258605462,-0.0698964076853672,0.4285714285714285,Stacked_Ensemble,10,GOOGL
0.0004351185379103,0.0208594951499384,0.0172622803786094,-0.5541968180599199,0.5555555555555556,Naive,11,GOOGL
0.0003198880662876,0.0178854149039827,0.0134554903822634,-0.1426059141199451,0.4761904761904761,Ridge_Regression,11,GOOGL
0.0003827758943496,0.0195646593210719,0.0140854077606755,-0.367234500936918,0.5555555555555556,Random_Forest,11,GOOGL
0.0003120046645701,0.0176636537718022,0.0135509531702644,-0.1144472474640119,0.4285714285714285,XGBoost,11,GOOGL
0.0002868310985384,0.0169360886434394,0.012698975346705,-0.0245299655813915,0.5238095238095238,LSTM,11,GOOGL
0.0002872161631941,0.0169474530002058,0.0126955245332457,-0.0259053752929259,0.5238095238095238,GRU,11,GOOGL
0.0003095470216669,0.0175939484387941,0.0126811110487844,-0.105668810217103,0.5238095238095238,Transformer,11,GOOGL
0.0002966436954548,0.0172233473940124,0.0128799608319811,-0.059579510879127,0.5238095238095238,Stacked_Ensemble,11,GOOGL
0.0005400288207595,0.0232385201929795,0.017813361959007,-0.6504288791485215,0.492063492063492,Naive,12,GOOGL
0.0003809966446663,0.0195191353462785,0.0146989990111123,-0.1643968637296677,0.5079365079365079,Ridge_Regression,12,GOOGL
0.0003686365744252,0.019199910792117,0.014058415055249,-0.1266221819163877,0.4285714285714285,Random_Forest,12,GOOGL
0.0004013295775809,0.0200332118638265,0.0151757766586106,-0.226538102104473,0.4603174603174603,XGBoost,12,GOOGL
0.0003359543999581,0.018329058894504,0.0136880028964163,-0.0267393562221247,0.3809523809523809,LSTM,12,GOOGL
0.0003264620356801,0.0180682604497542,0.013367987553455,0.0022710808761129,0.6031746031746031,GRU,12,GOOGL
0.0003333746471019,0.0182585499726014,0.0135907579059922,-0.0188551499514808,0.6031746031746031,Transformer,12,GOOGL
0.0003495080801547,0.0186951352002254,0.0139348152569097,-0.0681619328609102,0.5079365079365079,Stacked_Ensemble,12,GOOGL
0.0009858681008176,0.0313985366031224,0.0246088702409776,-1.3746025971838862,0.4444444444444444,Naive,13,GOOGL
0.0005794701150006,0.0240721855052814,0.018650262583995,-0.3957356353551604,0.4285714285714285,Ridge_Regression,13,GOOGL
0.0004817811825672,0.0219495144039047,0.0165035306341481,-0.1604380407984094,0.5238095238095238,Random_Forest,13,GOOGL
0.0005054784867826,0.0224828487248082,0.0169593292087666,-0.2175163457861275,0.4761904761904761,XGBoost,13,GOOGL
0.0004337016890487,0.0208255057333239,0.0159506336146935,-0.0446317883335434,0.4444444444444444,LSTM,13,GOOGL
0.0004367205384333,0.0208978596615377,0.0160045416089566,-0.0519031135577527,0.4444444444444444,GRU,13,GOOGL
0.000425802301114,0.020634977613606,0.0159640799785932,-0.0256049965240605,0.5079365079365079,Transformer,13,GOOGL
0.0004551286810585,0.0213337451250029,0.0163874142563347,-0.0962417256408709,0.492063492063492,Stacked_Ensemble,13,GOOGL
0.0012153702837458,0.0348621612030271,0.0242803981632704,-1.1457040978492925,0.5714285714285714,Naive,14,GOOGL
0.0006863625478589,0.0261985218640091,0.0186050965409983,-0.2117549287219835,0.4761904761904761,Ridge_Regression,14,GOOGL
0.0006717817926659,0.0259187536865871,0.0196125509739403,-0.1860129909884738,0.4285714285714285,Random_Forest,14,GOOGL
0.000629046808911,0.0250808055873624,0.0182287862867486,-0.1105655072127462,0.4603174603174603,XGBoost,14,GOOGL
0.0005692319832815,0.0238585830107654,0.0178146620602117,-0.0049640142506492,0.492063492063492,LSTM,14,GOOGL
0.0005668588027081,0.0238087967505326,0.0178537961315008,-0.0007742267024384,0.492063492063492,GRU,14,GOOGL
0.0005672523719369,0.0238170605225952,0.0177956272656237,-0.0014690627686926,0.5238095238095238,Transformer,14,GOOGL
0.0005888613138435,0.0242664647990494,0.0179378096062047,-0.0396190782982437,0.4603174603174603,Stacked_Ensemble,14,GOOGL
0.0005477670069354,0.0234044228071426,0.016598830390192,-1.092172034585941,0.5238095238095238,Naive,15,GOOGL
0.000413682565277,0.0203391879207854,0.0139366337253045,-0.5800423963290706,0.4761904761904761,Ridge_Regression,15,GOOGL
0.0004989226959806,0.0223365775350798,0.0144069512064278,-0.905613333286837,0.4285714285714285,Random_Forest,15,GOOGL
0.0003800271546909,0.0194942851803009,0.0128405965598414,-0.4514970331559129,0.4603174603174603,XGBoost,15,GOOGL
0.0002695819272364,0.0164189502476985,0.0105837085046789,-0.0296563357277865,0.6190476190476191,LSTM,15,GOOGL
0.0002836671926162,0.0168424224093888,0.0108840449128451,-0.0834543884662539,0.6825396825396826,GRU,15,GOOGL
0.0002723333411452,0.016502525296003,0.0106838595038643,-0.0401652403582541,0.6190476190476191,Transformer,15,GOOGL
0.0003214137791173,0.0179280165974195,0.0113257140517222,-0.2276258184332229,0.4444444444444444,Stacked_Ensemble,15,GOOGL
0.0006852227834286,0.0261767603692408,0.0213482597640135,-0.9864013852612596,0.4761904761904761,Naive,16,GOOGL
0.0003883651758974,0.01970698292224,0.0155864116686451,-0.1258369424464198,0.5079365079365079,Ridge_Regression,16,GOOGL
0.0004337249074222,0.0208260631762764,0.0163098808871579,-0.2573308678017492,0.4603174603174603,Random_Forest,16,GOOGL
0.0003805660610588,0.0195081024463893,0.0151193215127486,-0.103227985339408,0.4444444444444444,XGBoost,16,GOOGL
0.0003551823780235,0.0188462828701995,0.0145936671983646,-0.0296428910260795,0.5873015873015873,LSTM,16,GOOGL
0.00036240082866,0.0190368282195337,0.0147315643947393,-0.0505685530012376,0.4603174603174603,GRU,16,GOOGL
0.0004618642864976,0.0214910280465521,0.0171210436156057,-0.3389044857952212,0.4126984126984127,Transformer,16,GOOGL
0.0003640036787141,0.0190788804366012,0.0148107959060038,-0.0552150762120851,0.5396825396825397,Stacked_Ensemble,16,GOOGL
0.0004596614866564,0.0214397175041205,0.0168633742985445,-0.6892034018001219,0.5238095238095238,Naive,17,GOOGL
0.0003213020460171,0.0179249001675643,0.0135941275132661,-0.1807482786633898,0.5555555555555556,Ridge_Regression,17,GOOGL
0.0002744840085617,0.0165675589198215,0.0129450992452461,-0.0086973445934028,0.4603174603174603,Random_Forest,17,GOOGL
0.0002981391963193,0.0172667077440751,0.0135090465357425,-0.0956274546640021,0.4603174603174603,XGBoost,17,GOOGL
0.0002769138875058,0.0166407297768422,0.0127929939813662,-0.0176268718597221,0.4444444444444444,LSTM,17,GOOGL
0.0002775529816612,0.0166599214182186,0.0128086988351368,-0.0199754698010439,0.4444444444444444,GRU,17,GOOGL
0.0002854460576392,0.0168951489380601,0.0127219179352822,-0.0489816214578031,0.5873015873015873,Transformer,17,GOOGL
0.0002790143837423,0.0167037236490056,0.0127603726465278,-0.025345955339864,0.4761904761904761,Stacked_Ensemble,17,GOOGL
0.0009456912554637,0.0307520935135116,0.0240002488671044,-0.9995326707579228,0.4126984126984127,Naive,18,GOOGL
0.0007197617016803,0.0268283749355113,0.0201072798626681,-0.5218360425300275,0.4126984126984127,Ridge_Regression,18,GOOGL
0.0004789816311836,0.021885648977896,0.0152103361906291,-0.0127400615278219,0.5396825396825397,Random_Forest,18,GOOGL
0.0005898496717766,0.0242868209483391,0.0174925934033486,-0.2471551182684124,0.3809523809523809,XGBoost,18,GOOGL
0.0004915755995918,0.0221715042248344,0.0152777699542397,-0.0393682566614148,0.492063492063492,LSTM,18,GOOGL
0.0004950577010978,0.0222498921592402,0.0153969831969848,-0.0467306761443644,0.4126984126984127,GRU,18,GOOGL
0.0004998444745427,0.0223572018495771,0.0155491022459741,-0.0568516430406189,0.4603174603174603,Transformer,18,GOOGL
0.0005129741649616,0.0226489329762282,0.015913526774311,-0.0846125478792101,0.3968253968253968,Stacked_Ensemble,18,GOOGL
0.0005220492976717,0.0228483981423587,0.0189593142990354,-1.023224543931588,0.5555555555555556,Naive,0,AMZN
0.0002567573513607,0.0160236497515638,0.0127664393869115,0.0049258232415758,0.5079365079365079,Ridge_Regression,0,AMZN
0.0002990523286921,0.0172931295227955,0.0138158816375403,-0.1589901835484641,0.492063492063492,Random_Forest,0,AMZN
0.0002569239515568,0.016028847480617,0.0126036743960829,0.0042801570041988,0.5079365079365079,XGBoost,0,AMZN
0.0002593774217295,0.0161051985932989,0.0128335974340734,-0.0052283723499753,0.4761904761904761,LSTM,0,AMZN
0.0002592924714527,0.01610256102155,0.012829468104998,-0.0048991438922252,0.4761904761904761,GRU,0,AMZN
0.0002663933979204,0.0163215623615047,0.0129835777342681,-0.0324190903384098,0.4444444444444444,Transformer,0,AMZN
0.0002546432404342,0.0159575449375606,0.0126210355155052,0.0131191512169613,0.5396825396825397,Stacked_Ensemble,0,AMZN
0.0018192235127326,0.042652356473384,0.0280396289285181,-1.0841168648447663,0.5873015873015873,Naive,1,AMZN
0.000980251992769,0.0313089762331674,0.0227589420780222,-0.1229844467318679,0.3968253968253968,Ridge_Regression,1,AMZN
0.0008679136297033,0.0294603738894014,0.0208878308775207,0.00571127174125,0.4126984126984127,Random_Forest,1,AMZN
0.0009285229719536,0.030471674912181,0.0220999204956677,-0.0637232707802963,0.4285714285714285,XGBoost,1,AMZN
0.0008765158834925,0.0296060109351553,0.020939540762935,-0.004143538331448,0.4444444444444444,LSTM,1,AMZN
0.0008765108884916,0.0296059265771512,0.0209133740189813,-0.0041378160188936,0.4444444444444444,GRU,1,AMZN
0.0008731567366595,0.0295492256524518,0.0206641326313756,-0.0002952731143415,0.5555555555555556,Transformer,1,AMZN
0.0008835024022198,0.0297237683045039,0.0211577654407123,-0.0121473495202308,0.4285714285714285,Stacked_Ensemble,1,AMZN
0.0027223513044306,0.0521761564743001,0.0379723361711933,-1.0815195200600587,0.5238095238095238,Naive,2,AMZN
0.0015245632542219,0.0390456560224298,0.0288975979057871,-0.165686503451794,0.4761904761904761,Ridge_Regression,2,AMZN
0.0015516834126935,0.0393914129309107,0.0294974209172552,-0.1864226733773692,0.4444444444444444,Random_Forest,2,AMZN
0.0015500183676561,0.0393702726388348,0.0292247943204732,-0.1851495740013415,0.5079365079365079,XGBoost,2,AMZN
0.0014080125888391,0.0375234938250572,0.0278472631430129,-0.0765714488754614,0.492063492063492,LSTM,2,AMZN
0.0013415447090509,0.0366271034761271,0.0276826174067158,-0.0257498708480592,0.4761904761904761,GRU,2,AMZN
0.0013236898203207,0.0363825482933878,0.0276050393342291,-0.0120979592229979,0.5079365079365079,Transformer,2,AMZN
0.0013786552947651,0.037130247706757,0.0280185021431957,-0.0541247570867613,0.4761904761904761,Stacked_Ensemble,2,AMZN
0.0015738444222458,0.039671708083291,0.0307813916481955,-0.9912163787369483,0.5396825396825397,Naive,3,AMZN
0.001010912483411,0.0317948499510692,0.0239307794635697,-0.2789990331860057,0.5396825396825397,Ridge_Regression,3,AMZN
0.000911066351383,0.0301838756852563,0.0221729003994932,-0.1526744418620595,0.4603174603174603,Random_Forest,3,AMZN
0.0009668082317553,0.0310935400325429,0.0229296781014604,-0.223198658620799,0.5238095238095238,XGBoost,3,AMZN
0.0007911152978389,0.0281267719057651,0.0216353555801404,-0.0009132518183334,0.5079365079365079,LSTM,3,AMZN
0.0007912430768508,0.0281290432978236,0.0216342105536823,-0.0010749168836727,0.5079365079365079,GRU,3,AMZN
0.0007908838231736,0.0281226567588064,0.0216377262506669,-0.0006203917755736,0.5079365079365079,Transformer,3,AMZN
0.0008281933042532,0.0287783478374506,0.0218429852382843,-0.0478240726209615,0.492063492063492,Stacked_Ensemble,3,AMZN
0.0016766225864992,0.0409465821101006,0.0313288868037221,-0.7925447447716876,0.5238095238095238,Naive,4,AMZN
0.0010541397315405,0.0324675180994872,0.0255530172392816,-0.127023249742499,0.4126984126984127,Ridge_Regression,4,AMZN
0.0009572195348539,0.0309389646700391,0.0232828556255778,-0.0234019633350688,0.4603174603174603,Random_Forest,4,AMZN
0.0010597817581742,0.03255428939747,0.0249940880744996,-0.1330553676881465,0.4126984126984127,XGBoost,4,AMZN
0.0009646489868196,0.0310587988631187,0.0233850181806864,-0.0313450897040861,0.3968253968253968,LSTM,4,AMZN
0.0009801800307154,0.0313078269880779,0.0233384309678473,-0.0479499543530093,0.5079365079365079,GRU,4,AMZN
0.0009599581322792,0.0309831911248537,0.0232910353531545,-0.0263299081583516,0.5555555555555556,Transformer,4,AMZN
0.0009812813858203,0.0313254111835796,0.0236911973727372,-0.0491274574603546,0.3809523809523809,Stacked_Ensemble,4,AMZN
0.0013526174785649,0.0367779482647547,0.0280330398397668,-1.2741349975453589,0.5238095238095238,Naive,5,AMZN
0.0006577301249878,0.0256462497255993,0.0191843610237744,-0.1058315598298662,0.5396825396825397,Ridge_Regression,5,AMZN
0.0005950625927343,0.0243939048275251,0.0186489278599065,-0.0004696000993422,0.6031746031746031,Random_Forest,5,AMZN
0.0006303884079323,0.0251075368750568,0.0191823832925237,-0.0598623507710138,0.5555555555555556,XGBoost,5,AMZN
0.0005937395463031,0.024366771355744,0.0188473980116658,0.0017548175504089,0.5079365079365079,LSTM,5,AMZN
0.0006007831856552,0.0245108789245768,0.0186470388508554,-0.0100875451387278,0.5079365079365079,GRU,5,AMZN
0.0006022184762492,0.0245401401024783,0.0186863756684638,-0.0125006771758251,0.4444444444444444,Transformer,5,AMZN
0.000603293847055,0.0245620407754527,0.0185617294245005,-0.0143086815994131,0.5873015873015873,Stacked_Ensemble,5,AMZN
0.0009467456710848,0.0307692325397442,0.0242417341434212,-1.3715063157699587,0.4444444444444444,Naive,6,AMZN
0.000542889333601,0.0232999856995896,0.0189395112399005,-0.3598852603401152,0.4126984126984127,Ridge_Regression,6,AMZN
0.0004157158745775,0.020389111667201,0.0162649793619717,-0.04132804853167,0.492063492063492,Random_Forest,6,AMZN
0.0004483281933441,0.0211737619081762,0.0170914403874723,-0.1230187520530576,0.3968253968253968,XGBoost,6,AMZN
0.0004217062093796,0.0205354865873606,0.0163679687092803,-0.0563332576924588,0.3809523809523809,LSTM,6,AMZN
0.0004197094672866,0.0204868120332732,0.0163137893839168,-0.0513316119187974,0.4761904761904761,GRU,6,AMZN
0.0004119304784804,0.0202960705182173,0.016088036010707,-0.0318459975160221,0.6190476190476191,Transformer,6,AMZN
0.0004279171272001,0.0206861578646243,0.0165541775072426,-0.0718910059746749,0.3968253968253968,Stacked_Ensemble,6,AMZN
0.0007473436390004,0.0273375865613714,0.0223019022925149,-0.9009073201423692,0.4126984126984127,Naive,7,AMZN
0.0004160200855703,0.020396570436481,0.0150285925528637,-0.0581686719707199,0.5396825396825397,Ridge_Regression,7,AMZN
0.0003945190870048,0.0198625045501527,0.0144701862691999,-0.0034797665855321,0.5238095238095238,Random_Forest,7,AMZN
0.0003929905688661,0.0198239897312873,0.0145490545729797,0.0004080986040597,0.5079365079365079,XGBoost,7,AMZN
0.0003933689522998,0.0198335310093752,0.0144432085368867,-0.0005543392910887,0.5238095238095238,LSTM,7,AMZN
0.0003950249195816,0.0198752338245784,0.014535263629397,-0.0047663779887507,0.4603174603174603,GRU,7,AMZN
0.0003928826038559,0.0198212664543907,0.0144022391683112,0.0006827132091211,0.5238095238095238,Transformer,7,AMZN
0.0003913302010194,0.0197820676628964,0.0144037844945579,0.0046313303670023,0.4603174603174603,Stacked_Ensemble,7,AMZN
0.0007588658290072,0.0275475194710393,0.0222627140331207,-1.3048844549203813,0.4444444444444444,Naive,8,AMZN
0.0004013337169161,0.0200333151753808,0.015006403086002,-0.2189609941529553,0.492063492063492,Ridge_Regression,8,AMZN
0.0003461932057723,0.0186062679162792,0.0139004708270314,-0.0514840804303775,0.4444444444444444,Random_Forest,8,AMZN
0.0003619599673779,0.0190252455274015,0.0145627807164361,-0.0993720763579379,0.4444444444444444,XGBoost,8,AMZN
0.000336301540462,0.0183385261256752,0.0136141732541184,-0.0214403694929876,0.5714285714285714,LSTM,8,AMZN
0.000338165289275,0.0183892710370754,0.0136576927603902,-0.0271010877683868,0.5714285714285714,GRU,8,AMZN
0.0003368305201002,0.0183529430909667,0.0137433842565581,-0.0230470262937396,0.5396825396825397,Transformer,8,AMZN
0.0003437759807654,0.0185411968536399,0.0139789353099888,-0.0441423025698384,0.4603174603174603,Stacked_Ensemble,8,AMZN
0.0004814664215102,0.0219423431180506,0.0159069790324286,-0.8226772102527409,0.5396825396825397,Naive,9,AMZN
0.0002638035968467,0.0162420317955213,0.0118296624910883,0.0013243240370357,0.6031746031746031,Ridge_Regression,9,AMZN
0.0003130476372351,0.0176931522695983,0.0133155112987846,-0.1850977941976652,0.5238095238095238,Random_Forest,9,AMZN
0.000283822256126,0.0168470251417298,0.0119625324911623,-0.0744598893954042,0.5238095238095238,XGBoost,9,AMZN
0.0002719835069411,0.0164919224755979,0.0120226478863745,-0.0296421879457138,0.4603174603174603,LSTM,9,AMZN
0.0002680809000743,0.0163731762365864,0.0119817232134753,-0.0148681719833876,0.5238095238095238,GRU,9,AMZN
0.0002647916588407,0.0162724201900262,0.0120809356568292,-0.002416161277017,0.5238095238095238,Transformer,9,AMZN
0.0002691563643445,0.0164059856255139,0.011828092701534,-0.0189395342388889,0.5238095238095238,Stacked_Ensemble,9,AMZN
0.0003868797720436,0.0196692595702957,0.0148520277258399,-0.8985157210521009,0.5555555555555556,Naive,10,AMZN
0.0002624112355695,0.0161991121846093,0.0126532215094559,-0.2877175084079526,0.4126984126984127,Ridge_Regression,10,AMZN
0.000231159933966,0.0152039446843925,0.0116835223043755,-0.1343595618703041,0.5396825396825397,Random_Forest,10,AMZN
0.0002446703040563,0.0156419405463757,0.0121108719549709,-0.2006583240882149,0.4285714285714285,XGBoost,10,AMZN
0.0002063743041825,0.0143657336806229,0.0110810136388537,-0.0127302826977411,0.4761904761904761,LSTM,10,AMZN
0.0002051303836841,0.0143223735352827,0.0110607902229929,-0.0066260539614935,0.5238095238095238,GRU,10,AMZN
0.0002064668977457,0.0143689560423085,0.0110803333862471,-0.013184662451158,0.5079365079365079,Transformer,10,AMZN
0.000214910166337,0.0146598146760813,0.0112661611685168,-0.0546178913658825,0.3968253968253968,Stacked_Ensemble,10,AMZN
0.0007708032149379,0.0277633430072449,0.0211377198454059,-0.8068028477686984,0.4444444444444444,Naive,11,AMZN
0.0004588068349986,0.0214197767261617,0.0160836060970397,-0.0754670971604551,0.4285714285714285,Ridge_Regression,11,AMZN
0.0004308001463205,0.0207557256274166,0.0152209269510356,-0.0098179614545399,0.5396825396825397,Random_Forest,11,AMZN
0.0004921214678492,0.0221838109406212,0.0163867570595734,-0.1535583302278904,0.4444444444444444,XGBoost,11,AMZN
0.0004272387030918,0.0206697533389212,0.0147731083270544,-0.001469753191813,0.5079365079365079,LSTM,11,AMZN
0.0004315298874853,0.0207732974629781,0.0148242004115236,-0.0115285127198929,0.5079365079365079,GRU,11,AMZN
0.0004265281710613,0.020652558462849,0.014759345681172,0.0001957708630488,0.492063492063492,Transformer,11,AMZN
0.0004392244153871,0.0209576815365424,0.0148871629814358,-0.0295648865384052,0.4444444444444444,Stacked_Ensemble,11,AMZN
0.0007545620664274,0.0274692931548562,0.0204143209354192,-1.2144401345955829,0.5555555555555556,Naive,12,AMZN
0.0004049677336525,0.0201238101176827,0.0153216546408597,-0.1884732118357481,0.5396825396825397,Ridge_Regression,12,AMZN
0.0004682576502101,0.0216392617759977,0.0171540257013892,-0.374212381052047,0.492063492063492,Random_Forest,12,AMZN
0.0003805801189343,0.0195084627516972,0.0145884992188515,-0.1169020115039951,0.5079365079365079,XGBoost,12,AMZN
0.0003461517525031,0.0186051539231232,0.0144278921778465,-0.015863859990634,0.5714285714285714,LSTM,12,AMZN
0.0003541723511611,0.0188194673453077,0.0144398716387426,-0.0394021961487729,0.4761904761904761,GRU,12,AMZN
0.0003446897559974,0.0185658222548164,0.0143730360616784,-0.011573286845173,0.5714285714285714,Transformer,12,AMZN
0.0003590294919254,0.0189480735676596,0.014336104621059,-0.0536566199085783,0.4761904761904761,Stacked_Ensemble,12,AMZN
0.0007162765113591,0.0267633426791044,0.0218918955646165,-1.3056188472443844,0.4285714285714285,Naive,13,AMZN
0.000367482191344,0.0191698250212158,0.0156072167704659,-0.1828865709720382,0.5714285714285714,Ridge_Regression,13,AMZN
0.000377275604344,0.0194235837152681,0.0163548877874552,-0.2144105386487036,0.5396825396825397,Random_Forest,13,AMZN
0.0003536028707487,0.0188043311699393,0.0152050372219723,-0.1382104959591916,0.5396825396825397,XGBoost,13,AMZN
0.0003192738012251,0.0178682344182401,0.0144479949362119,-0.0277088273344392,0.4444444444444444,LSTM,13,AMZN
0.0003245229268855,0.0180145198905088,0.0145756641705473,-0.0446052114293265,0.4444444444444444,GRU,13,AMZN
0.0003315225450997,0.0182077605734421,0.0148797244658759,-0.0671362471709209,0.5079365079365079,Transformer,13,AMZN
0.0003161060414172,0.0177793712323377,0.0146388592078974,-0.0175121412769954,0.5238095238095238,Stacked_Ensemble,13,AMZN
0.0017590625826962,0.0419411800346181,0.0282612112734277,-1.2376837916907035,0.4444444444444444,Naive,14,AMZN
0.0009024740734121,0.0300412062576074,0.0224911442780501,-0.1480271517116838,0.4285714285714285,Ridge_Regression,14,AMZN
0.0009114572363151,0.0301903500528751,0.0217375963718509,-0.1594545325359622,0.3968253968253968,Random_Forest,14,AMZN
0.0008240499401569,0.0287062700495372,0.0201892893326231,-0.0482646909620083,0.4603174603174603,XGBoost,14,AMZN
0.0007870239455604,0.0280539470584883,0.0191927702233924,-0.0011643383112225,0.5079365079365079,LSTM,14,AMZN
0.00078772510421,0.0280664408896116,0.0191877751819395,-0.0020562743691248,0.5079365079365079,GRU,14,AMZN
0.0008132808588071,0.028518079507693,0.0193099966297117,-0.0345654633023326,0.492063492063492,Transformer,14,AMZN
0.0007999281455012,0.0282830009988558,0.019594190865692,-0.017579626394967,0.4603174603174603,Stacked_Ensemble,14,AMZN
0.0006489975351197,0.0254754300281618,0.0187049763796154,-1.0139971565929038,0.4761904761904761,Naive,15,AMZN
0.0003371219082644,0.018360879833616,0.0124793324877967,-0.0461712532460607,0.5238095238095238,Ridge_Regression,15,AMZN
0.000345775595986,0.018595042242116,0.0136290216829133,-0.0730257504085385,0.5238095238095238,Random_Forest,15,AMZN
0.0003287129930357,0.0181304438179469,0.0125346870043529,-0.0200763446457938,0.5396825396825397,XGBoost,15,AMZN
0.0003265545046791,0.0180708191479828,0.0120908908058863,-0.0133780304341926,0.5396825396825397,LSTM,15,AMZN
0.0003299249806681,0.0181638371680701,0.0121790412987852,-0.0238374369665834,0.5396825396825397,GRU,15,AMZN
0.0003214809908214,0.0179298909874377,0.0120541106538601,0.0023663167018271,0.5079365079365079,Transformer,15,AMZN
0.0003147771359717,0.0177419597556689,0.0120154352815518,0.0231700083566258,0.4603174603174603,Stacked_Ensemble,15,AMZN
0.0008304632341049,0.0288177590056012,0.019917770027247,-1.005834605710738,0.5079365079365079,Naive,16,AMZN
0.0004653105386467,0.0215710578935467,0.0157950995231728,-0.123873932631727,0.4444444444444444,Ridge_Regression,16,AMZN
0.0004746834190707,0.0217872306425293,0.0147162137465461,-0.1465124398378363,0.5555555555555556,Random_Forest,16,AMZN
0.0004613427003294,0.0214788896437739,0.0150731134684162,-0.114290332684243,0.5555555555555556,XGBoost,16,AMZN
0.000415014322312,0.0203719003117535,0.0142387405863057,-0.0023924664844172,0.3968253968253968,LSTM,16,AMZN
0.0004146611181811,0.0203632295616658,0.0141862808485353,-0.0015393654203501,0.6031746031746031,GRU,16,AMZN
0.0004121735929029,0.0203020588340928,0.0140069372402772,0.0044688045750892,0.6031746031746031,Transformer,16,AMZN
0.0004267193206659,0.0206571856908433,0.0143214057462331,-0.0306637851821882,0.6031746031746031,Stacked_Ensemble,16,AMZN
0.0006346850739354,0.0251929568319291,0.0210791253115636,-0.6256990807658491,0.5555555555555556,Naive,17,AMZN
0.0004618653043677,0.021491051727819,0.0166005033725681,-0.1830339668973108,0.5396825396825397,Ridge_Regression,17,AMZN
0.0005779194287866,0.0240399548416102,0.0185309067943567,-0.4802980607525002,0.5079365079365079,Random_Forest,17,AMZN
0.00048096676933,0.0219309545923121,0.0175759348927434,-0.2319609628291357,0.5079365079365079,XGBoost,17,AMZN
0.0003925027542687,0.019811682267509,0.0160195356931127,-0.0053669024484408,0.5396825396825397,LSTM,17,AMZN
0.0003941225985236,0.0198525212132781,0.0160008471805067,-0.009516014227435,0.492063492063492,GRU,17,AMZN
0.0003974032392088,0.0199349752748484,0.0160514247040483,-0.0179191337668906,0.492063492063492,Transformer,17,AMZN
0.0004185641613207,0.0204588406641419,0.0163305438398892,-0.0721212775359501,0.4761904761904761,Stacked_Ensemble,17,AMZN
0.0007880534200717,0.0280722891847418,0.0227234041284174,-1.0447629764441235,0.4603174603174603,Naive,18,AMZN
0.0004526978417431,0.0212766971530616,0.01665139445659,-0.174615530795041,0.5238095238095238,Ridge_Regression,18,AMZN
0.0003893466816275,0.0197318696941658,0.015420314967053,-0.0102382139536463,0.5238095238095238,Random_Forest,18,AMZN
0.0004494496299372,0.0212002271199444,0.016315633372963,-0.166187392459328,0.4444444444444444,XGBoost,18,AMZN
0.0003919713006128,0.0197982650909821,0.0155865346079934,-0.017048315390481,0.4444444444444444,LSTM,18,AMZN
0.0003882906315833,0.0197050915142099,0.0154728287579094,-0.0074980798757373,0.5555555555555556,GRU,18,AMZN
0.0003874060445537,0.0196826330696307,0.0154461385908532,-0.0052028410484705,0.5555555555555556,Transformer,18,AMZN
0.0004004663543572,0.0200116554626852,0.0154375264447739,-0.0390904396133691,0.5079365079365079,Stacked_Ensemble,18,AMZN
0.0026138985296105,0.0511262997840696,0.0394960300471174,-0.8611130392404664,0.492063492063492,Naive,0,TSLA
0.0017839820821387,0.0422372120545235,0.0318564361105405,-0.2702070402612453,0.4761904761904761,Ridge_Regression,0,TSLA
0.0015356385487676,0.0391872243054756,0.0281458000723146,-0.0933848021627721,0.5714285714285714,Random_Forest,0,TSLA
0.0016428392769675,0.0405319537768361,0.030198294164411,-0.1697124295778556,0.4444444444444444,XGBoost,0,TSLA
0.0013498716891179,0.0367406000103147,0.0268828288884939,0.0388824304158271,0.6031746031746031,LSTM,0,TSLA
0.0014722588190617,0.0383700250073113,0.0283606066011514,-0.0482580154711422,0.3809523809523809,GRU,0,TSLA
0.0013909105020895,0.0372949125496969,0.0268365618133077,0.0096625241833586,0.6031746031746031,Transformer,0,TSLA
0.0015119338017917,0.0388835929640225,0.028621297850293,-0.0765068655524006,0.5079365079365079,Stacked_Ensemble,0,TSLA
0.0036121069085512,0.0601008062221402,0.0462727350407721,-0.937240466017114,0.5873015873015873,Naive,1,TSLA
0.0021207751131277,0.046051874154346,0.0358582426519329,-0.1374113426008405,0.4444444444444444,Ridge_Regression,1,TSLA
0.0020293870669272,0.0450487188156034,0.034565736530525,-0.0883982248576804,0.4761904761904761,Random_Forest,1,TSLA
0.0019845405518486,0.0445481823630167,0.034499296949178,-0.0643462003828152,0.5555555555555556,XGBoost,1,TSLA
0.0018531916567061,0.0430487126021921,0.0332340832160394,0.0060986677450444,0.5555555555555556,LSTM,1,TSLA
0.0018834722387816,0.0433989889142777,0.0341835849517266,-0.010141374539496,0.492063492063492,GRU,1,TSLA
0.0021494663443022,0.0463623375629646,0.0364580934657256,-0.152798986283154,0.492063492063492,Transformer,1,TSLA
0.0019375402284154,0.0440174991158682,0.0341481634514806,-0.0391390482204556,0.5079365079365079,Stacked_Ensemble,1,TSLA
0.005445329118767,0.0737924733205702,0.0611678451792414,-1.370280502865148,0.4285714285714285,Naive,2,TSLA
0.0021244497624782,0.0460917537361973,0.0356531767934116,0.0752548208768592,0.5714285714285714,Ridge_Regression,2,TSLA
0.002335501912842,0.0483270308713672,0.0370285490112826,-0.0166134181559347,0.5396825396825397,Random_Forest,2,TSLA
0.002160151175633,0.0464774265168911,0.0354910299223754,0.0597144629517886,0.5714285714285714,XGBoost,2,TSLA
0.002358741794073,0.048566879599919,0.0371197730800717,-0.0267294343175272,0.4761904761904761,LSTM,2,TSLA
0.0023004648740478,0.0479631616352363,0.0368639872123816,-0.0013622536953763,0.5555555555555556,GRU,2,TSLA
0.0023829040151533,0.0488149978505924,0.0374274873798148,-0.0372469329449658,0.4761904761904761,Transformer,2,TSLA
0.0021875841153024,0.0467716165564379,0.0356399386440988,0.0477732633261023,0.5714285714285714,Stacked_Ensemble,2,TSLA
0.0016646075175971,0.0407996019293951,0.0318949940745765,-0.8536744523422708,0.6031746031746031,Naive,3,TSLA
0.0011017407854997,0.0331924808578651,0.0270735686085296,-0.2268770419422587,0.3174603174603174,Ridge_Regression,3,TSLA
0.0009926589566178,0.0315064907061672,0.0245919618267583,-0.1054056456667509,0.5238095238095238,Random_Forest,3,TSLA
0.0010109662492647,0.0317956954518181,0.0252798133812004,-0.1257922895527654,0.4603174603174603,XGBoost,3,TSLA
0.0009166947989621,0.0302769681269797,0.0231290510877298,-0.0208134418881382,0.5396825396825397,LSTM,3,TSLA
0.0008986718797898,0.0299778564909136,0.0227711076608177,-0.0007434707548761,0.5396825396825397,GRU,3,TSLA
0.0008884494890289,0.0298068698294356,0.0227775728065412,0.0106399841406528,0.5238095238095238,Transformer,3,TSLA
0.0009635675185267,0.0310413839660341,0.0246694658515772,-0.0730099878307792,0.4761904761904761,Stacked_Ensemble,3,TSLA
0.0036882055428529,0.0607305980775176,0.0505671781245691,-1.2646586547046317,0.492063492063492,Naive,4,TSLA
0.0020411130872374,0.0451786795650061,0.0347454030577557,-0.253299027002613,0.5079365079365079,Ridge_Regression,4,TSLA
0.0018684723043971,0.0432258291348714,0.0327219816142921,-0.1472928843210807,0.4444444444444444,Random_Forest,4,TSLA
0.0019590941223373,0.0442616552146142,0.0331002698530255,-0.2029371486981646,0.5396825396825397,XGBoost,4,TSLA
0.0018318912938169,0.0428005992226386,0.0322045141034135,-0.1248311475101391,0.4126984126984127,LSTM,4,TSLA
0.0018336541027483,0.0428211875448163,0.0322374727248075,-0.1259135602056109,0.4126984126984127,GRU,4,TSLA
0.0017112361637449,0.0413670903466144,0.0313780403740716,-0.0507456115015798,0.6031746031746031,Transformer,4,TSLA
0.0019142472700848,0.0437521116071542,0.0326759100647459,-0.1753999599732278,0.5555555555555556,Stacked_Ensemble,4,TSLA
0.004677218624994,0.0683901939242322,0.0543184182780533,-1.2214873201068688,0.4761904761904761,Naive,5,TSLA
0.0025508690865419,0.0505061291977711,0.0397387489624429,-0.2115583609292339,0.4126984126984127,Ridge_Regression,5,TSLA
0.002152069439571,0.0463904024510575,0.0356074801488781,-0.0221448590085315,0.5238095238095238,Random_Forest,5,TSLA
0.0021825829477122,0.0467181222622679,0.0362257373102971,-0.0366375258822286,0.5079365079365079,XGBoost,5,TSLA
0.0021492932403283,0.0463604706655175,0.0357492715255941,-0.0208262780504031,0.5555555555555556,LSTM,5,TSLA
0.0021371416584452,0.046229229481414,0.0355659434056365,-0.0150547742493556,0.6031746031746031,GRU,5,TSLA
0.0021541912441457,0.0464132658207299,0.035833271568814,-0.0231526292960162,0.4603174603174603,Transformer,5,TSLA
0.0021818502138155,0.0467102795304796,0.036207596073403,-0.036289507285929,0.4603174603174603,Stacked_Ensemble,5,TSLA
0.0018887791587974,0.0434600869626076,0.0324391604161023,-0.9412151056239352,0.5873015873015873,Naive,6,TSLA
0.0010539951799558,0.0324652919277777,0.0250135786664857,-0.0832560043111547,0.5079365079365079,Ridge_Regression,6,TSLA
0.0011316874819556,0.0336405630445687,0.0267705449994335,-0.1631051860062178,0.4285714285714285,Random_Forest,6,TSLA
0.0012213587206461,0.0349479430102285,0.0273932861747316,-0.2552658614750163,0.4444444444444444,XGBoost,6,TSLA
0.0009853303283324,0.0313899717797338,0.0247111634592405,-0.0126848914439774,0.5714285714285714,LSTM,6,TSLA
0.0009739575520462,0.0312082930011607,0.0244635204722211,-0.0009963861908344,0.5714285714285714,GRU,6,TSLA
0.0010400794641884,0.0322502630096006,0.0254201562062865,-0.0689539629489051,0.4444444444444444,Transformer,6,TSLA
0.0011268162258974,0.0335680834409329,0.0264441007430867,-0.1580986950147034,0.4126984126984127,Stacked_Ensemble,6,TSLA
0.0020453858889042,0.0452259426535726,0.0346556581214472,-1.070740233681232,0.5714285714285714,Naive,7,TSLA
0.0011717969055743,0.0342315191829743,0.0252437308831538,-0.1863223518061336,0.492063492063492,Ridge_Regression,7,TSLA
0.001070425316752,0.0327173549779332,0.0239587976697611,-0.083694173590394,0.4126984126984127,Random_Forest,7,TSLA
0.0011770394623782,0.0343080087206802,0.0257955624643152,-0.1916298946811234,0.4285714285714285,XGBoost,7,TSLA
0.0010249803377503,0.0320153141129419,0.023805865847364,-0.037685864376848,0.4603174603174603,LSTM,7,TSLA
0.0009901762581387,0.0314670662461374,0.0231834130631337,-0.0024503577964909,0.4603174603174603,GRU,7,TSLA
0.001004247136288,0.0316898585716001,0.0236023176028938,-0.0166956567715552,0.4603174603174603,Transformer,7,TSLA
0.0011207639092702,0.0334778121936044,0.0251043751295569,-0.1346567569345518,0.4444444444444444,Stacked_Ensemble,7,TSLA
0.0013308163505957,0.0364803556807729,0.0298449117434662,-0.6705814381613271,0.4761904761904761,Naive,8,TSLA
0.0008397294152947,0.0289780850867468,0.022905803062433,-0.0541171767550889,0.492063492063492,Ridge_Regression,8,TSLA
0.0007981601900371,0.0282517289742979,0.020719893633043,-0.0019350886082643,0.5079365079365079,Random_Forest,8,TSLA
0.0007937484997147,0.0281735425481905,0.0220254197468445,0.0036029316905913,0.492063492063492,XGBoost,8,TSLA
0.0008161882705508,0.0285690089178961,0.0216086388705784,-0.0245658420238594,0.4285714285714285,LSTM,8,TSLA
0.0007968677271202,0.0282288456568847,0.0206822740620641,-0.0003126524564789,0.5714285714285714,GRU,8,TSLA
0.0008054946454886,0.0283812375609067,0.0205537863487048,-0.0111420728256712,0.5714285714285714,Transformer,8,TSLA
0.0007817583054347,0.0279599410842509,0.0215389344939724,0.0186542917035742,0.4444444444444444,Stacked_Ensemble,8,TSLA
0.0016260221725283,0.0403239652381597,0.0312713743097616,-0.8804612345806322,0.492063492063492,Naive,9,TSLA
0.0010015175646691,0.031646762309424,0.0228767408935117,-0.1582344865467668,0.5238095238095238,Ridge_Regression,9,TSLA
0.0009258000333974,0.0304269622768597,0.0212847448419221,-0.0706687173092819,0.5238095238095238,Random_Forest,9,TSLA
0.001020229173124,0.0319410264882656,0.0229228534585899,-0.1798740772796478,0.5238095238095238,XGBoost,9,TSLA
0.0008998273920728,0.0299971230632681,0.0212256375650012,-0.0406318912464391,0.4603174603174603,LSTM,9,TSLA
0.0008942570498401,0.0299041309828624,0.0211964110043555,-0.0341899049015848,0.4603174603174603,GRU,9,TSLA
0.000959590973385,0.0309772654278115,0.0218227156793015,-0.1097472451426435,0.4603174603174603,Transformer,9,TSLA
0.0009795366320657,0.0312975499371074,0.0222393031525156,-0.1328139896070213,0.5238095238095238,Stacked_Ensemble,9,TSLA
0.0026639629539338,0.051613592724532,0.03761071968963,-1.1168871445002715,0.492063492063492,Naive,10,TSLA
0.0013392763047575,0.0365961241767147,0.0277973987794685,-0.0642403222193668,0.4444444444444444,Ridge_Regression,10,TSLA
0.001253932261463,0.0354109059678381,0.0264032030652719,0.003577328113537,0.4603174603174603,Random_Forest,10,TSLA
0.0012434089501206,0.0352620043406587,0.0266731047166218,0.0119395549476187,0.4761904761904761,XGBoost,10,TSLA
0.0012677338437488,0.0356052502273032,0.0260399043833318,-0.0073899385563831,0.5396825396825397,LSTM,10,TSLA
0.0012760496112953,0.0357218366170519,0.026871715149627,-0.0139979664156986,0.4444444444444444,GRU,10,TSLA
0.0012580151193851,0.0354685088407333,0.0262671333208066,0.0003329326029462,0.4444444444444444,Transformer,10,TSLA
0.0012428371589292,0.0352538956560725,0.0266395684357918,0.0123939221604174,0.4761904761904761,Stacked_Ensemble,10,TSLA
0.0038226317576476,0.0618274353151388,0.0494395389643115,-1.2050151318942706,0.4126984126984127,Naive,11,TSLA
0.0017222783693211,0.0415003417976429,0.0318010570147905,0.0065352598796077,0.5714285714285714,Ridge_Regression,11,TSLA
0.0018595315975701,0.0431222865531293,0.0328623427964408,-0.0726367515454862,0.5396825396825397,Random_Forest,11,TSLA
0.0018354583031072,0.0428422490435232,0.0325722910116673,-0.0587505124487923,0.5396825396825397,XGBoost,11,TSLA
0.001745521811846,0.0417794424549443,0.0319242921068543,-0.0068722943222851,0.6190476190476191,LSTM,11,TSLA
0.0017358642655454,0.0416637044145797,0.0317645669161985,-0.0013015155814244,0.6190476190476191,GRU,11,TSLA
0.001733739131844,0.0416381931865934,0.0317052204496348,-7.567111981710006e-05,0.6190476190476191,Transformer,11,TSLA
0.0017951027900377,0.0423686533894783,0.0322088805355113,-0.0354721736981133,0.5396825396825397,Stacked_Ensemble,11,TSLA
0.0039779713379637,0.0630711609054703,0.0466216546809149,-0.8503979953065124,0.5873015873015873,Naive,12,TSLA
0.0022830683526327,0.0477814645300114,0.034491492467267,-0.0619948571630197,0.492063492063492,Ridge_Regression,12,TSLA
0.0022775092688528,0.0477232571064975,0.0331235213544508,-0.0594089869774154,0.4761904761904761,Random_Forest,12,TSLA
0.0023257018561654,0.0482255311651979,0.0345149156354125,-0.0818263096214586,0.4285714285714285,XGBoost,12,TSLA
0.002266360347902,0.0476063057577673,0.0332330989688447,-0.0542229413213362,0.492063492063492,LSTM,12,TSLA
0.0022242025325967,0.047161451765152,0.0331485583620726,-0.0346127605784809,0.5079365079365079,GRU,12,TSLA
0.0022105631005238,0.0470166257883726,0.0330568900541446,-0.0282682257338098,0.5079365079365079,Transformer,12,TSLA
0.0022851482420517,0.0478032241805065,0.0338255960066096,-0.0629623410598203,0.5238095238095238,Stacked_Ensemble,12,TSLA
0.0041278808372491,0.0642485862665411,0.0508946675013207,-1.0597947818454614,0.492063492063492,Naive,13,TSLA
0.0020884861531004,0.0456999579113643,0.0364407380012034,-0.0421456068435361,0.5238095238095238,Ridge_Regression,13,TSLA
0.002103237614366,0.0458610686134334,0.0362449121938413,-0.0495065225621409,0.4285714285714285,Random_Forest,13,TSLA
0.0024410196141813,0.0494066758058198,0.0404873564958585,-0.2180582875119758,0.3809523809523809,XGBoost,13,TSLA
0.002135897396269,0.0462157699954142,0.0361250654709803,-0.0658036132467669,0.3809523809523809,LSTM,13,TSLA
0.0021075895107786,0.0459084906175166,0.0357816038061698,-0.0516781001524742,0.3809523809523809,GRU,13,TSLA
0.0021432338775735,0.0462950740098072,0.0363813210702129,-0.0694644858600823,0.3809523809523809,Transformer,13,TSLA
0.0022795613811867,0.0477447523942345,0.0389329164878419,-0.1374913237548705,0.3968253968253968,Stacked_Ensemble,13,TSLA
0.0051465848240108,0.0717397018673123,0.049397475776169,-1.0376024894579952,0.5238095238095238,Naive,14,TSLA
0.0030596305507216,0.0553139272762439,0.0407118906735003,-0.2113490868520307,0.492063492063492,Ridge_Regression,14,TSLA
0.002731708651384,0.0522657502709375,0.0370617835782421,-0.0815203749417985,0.4444444444444444,Random_Forest,14,TSLA
0.0026508485115988,0.0514863915185246,0.0363764323244823,-0.0495067527518813,0.5555555555555556,XGBoost,14,TSLA
0.0025260937756737,0.0502602604019692,0.0354745621333248,-0.0001146667016127,0.5238095238095238,LSTM,14,TSLA
0.0025402028958412,0.0504004255521842,0.0357027373963028,-0.0057006580649046,0.5396825396825397,GRU,14,TSLA
0.0025283918371917,0.0502831168205768,0.0354440626878967,-0.0010245003155822,0.5238095238095238,Transformer,14,TSLA
0.0026821996978382,0.0517899574998695,0.0368496742712641,-0.061919111104745,0.492063492063492,Stacked_Ensemble,14,TSLA
0.001748358696122,0.0418133793913147,0.0319753076317713,-1.1686060051895732,0.5079365079365079,Naive,15,TSLA
0.0009997823722408,0.0316193354174447,0.0254193434647599,-0.2400968183092595,0.4444444444444444,Ridge_Regression,15,TSLA
0.000872349648481,0.0295355658229377,0.0231796917894816,-0.0820335040613795,0.4761904761904761,Random_Forest,15,TSLA
0.000990821711499,0.0314773205895775,0.0242941210038271,-0.2289823126083916,0.492063492063492,XGBoost,15,TSLA
0.0008305818332137,0.0288198166755743,0.0221381008722306,-0.0302260945101322,0.5873015873015873,LSTM,15,TSLA
0.0011162278660279,0.0334099964984725,0.0262006197682715,-0.3845319377524347,0.4126984126984127,GRU,15,TSLA
0.0008254579032482,0.0287307831993537,0.0220621773530716,-0.0238705421181237,0.5873015873015873,Transformer,15,TSLA
0.00096183548697,0.0310134726686653,0.0241668654966724,-0.1930287633048213,0.492063492063492,Stacked_Ensemble,15,TSLA
0.0022628568410234,0.0475694948577702,0.0382548095766069,-1.559884375096872,0.4126984126984127,Naive,16,TSLA
0.0011658117872894,0.0341439861072111,0.0273545805686813,-0.3188387901888732,0.4603174603174603,Ridge_Regression,16,TSLA
0.0012402240828126,0.0352168153417184,0.028734840494159,-0.4030186062389895,0.4444444444444444,Random_Forest,16,TSLA
0.0010921836780222,0.0330482023417645,0.0269557523105706,-0.2355460943964913,0.4444444444444444,XGBoost,16,TSLA
0.0008839750950625,0.0297317186698407,0.0242588876769877,-7.597830170569253e-06,0.5079365079365079,LSTM,16,TSLA
0.0009057784072573,0.0300961526985986,0.0244391059213429,-0.0246728604314121,0.5079365079365079,GRU,16,TSLA
0.0008840707053458,0.0297333265099249,0.0243049804118795,-0.0001157581281401,0.5079365079365079,Transformer,16,TSLA
0.0010879708343506,0.0329844028951656,0.027019187646019,-0.2307802636580478,0.4285714285714285,Stacked_Ensemble,16,TSLA
0.0010845058680851,0.032931836694681,0.02617322925309,-1.1124229815449982,0.5079365079365079,Naive,17,TSLA
0.0005313934014096,0.0230519717466782,0.0194013690640244,-0.0350590682935667,0.5079365079365079,Ridge_Regression,17,TSLA
0.0007550965796842,0.0274790207191638,0.0226718553758645,-0.4707927500912108,0.492063492063492,Random_Forest,17,TSLA
0.0005872201313433,0.0242326253497915,0.0193140083658245,-0.1437995285961915,0.5714285714285714,XGBoost,17,TSLA
0.0005406391921764,0.0232516492356225,0.0189848482691235,-0.0530682109575668,0.492063492063492,LSTM,17,TSLA
0.0005472761893235,0.0233939348832883,0.0191565360113752,-0.0659958914013445,0.492063492063492,GRU,17,TSLA
0.0005399809684241,0.0232374905793227,0.018995635044904,-0.0517861091061158,0.492063492063492,Transformer,17,TSLA
0.0005825662088186,0.0241364083661721,0.019228798946655,-0.134734521955941,0.5714285714285714,Stacked_Ensemble,17,TSLA
0.0016258216091881,0.0403214782614442,0.0301950052545458,-0.7357183145890647,0.5714285714285714,Naive,18,TSLA
0.0010476614458989,0.0323675987045524,0.0263386695274158,-0.1184776662205417,0.3333333333333333,Ridge_Regression,18,TSLA
0.0009122552127412,0.0302035629146828,0.0234649221544546,0.0260812924457585,0.5714285714285714,Random_Forest,18,TSLA
0.0009180453844932,0.0302992637615715,0.0240814345034295,0.0198997365494014,0.4761904761904761,XGBoost,18,TSLA
0.0009561146820127,0.0309211041525478,0.0243597270926479,-0.0207428385981927,0.4603174603174603,LSTM,18,TSLA
0.0009384431426186,0.0306340193676677,0.0238374915567201,-0.001876799175466,0.5555555555555556,GRU,18,TSLA
0.000935015268027,0.0305780193607613,0.0237885677442297,0.0017827811099949,0.5714285714285714,Transformer,18,TSLA
0.000920489225646,0.0303395653503155,0.0241653379416516,0.0172907050155205,0.4444444444444444,Stacked_Ensemble,18,TSLA
0.0008707558889204,0.0295085731427398,0.0236712182497484,-1.111039302712225,0.4603174603174603,Naive,0,META
0.0004905847080707,0.0221491468926165,0.0161867930281221,-0.1893615802367527,0.5714285714285714,Ridge_Regression,0,META
0.0004229881607092,0.0205666759761812,0.0157536244032366,-0.025482162338549,0.4761904761904761,Random_Forest,0,META
0.0004635030005927,0.0215291198285665,0.0161284008180316,-0.1237053502899918,0.5079365079365079,XGBoost,0,META
0.000419110088909,0.0204721784114199,0.0156128768968086,-0.0160802598154894,0.5079365079365079,LSTM,0,META
0.0004127353086835,0.0203158880850316,0.0157497530362154,-0.0006253983860478,0.4761904761904761,GRU,0,META
0.0004425506835588,0.0210368886377925,0.0160211680816316,-0.0729090647819221,0.5238095238095238,Transformer,0,META
0.0004237967711055,0.0205863248566983,0.0155484678502292,-0.0274425376272551,0.5396825396825397,Stacked_Ensemble,0,META
0.0044411874662717,0.0666422348535199,0.0415555222294335,-1.0606433399731148,0.492063492063492,Naive,1,META
0.0023834345615477,0.0488204318041917,0.0293748519514779,-0.1058773341171537,0.4603174603174603,Ridge_Regression,1,META
0.0021556371634173,0.0464288397810812,0.0261149437711976,-0.0001828110001815,0.5396825396825397,Random_Forest,1,META
0.0021769751704591,0.0466580665100813,0.0265251884901549,-0.0100833212652962,0.5079365079365079,XGBoost,1,META
0.002234809786742,0.0472737748306826,0.0270668601328274,-0.036917702333054,0.4444444444444444,LSTM,1,META
0.0028123120165094,0.0530312362340298,0.0338565757496493,-0.3048699409240547,0.4761904761904761,GRU,1,META
0.0022987807082581,0.0479456015527823,0.0276398922545189,-0.0665992355660343,0.4444444444444444,Transformer,1,META
0.0022051177867762,0.0469586816975969,0.026855191235608,-0.0231410665920941,0.5079365079365079,Stacked_Ensemble,1,META
0.0034872255053187,0.0590527349520638,0.0450355428201873,-1.238215091544277,0.492063492063492,Naive,2,META
0.0017217252290011,0.0414936769761512,0.0319654968590804,-0.1050594190612237,0.492063492063492,Ridge_Regression,2,META
0.0015553575859741,0.0394380220849651,0.0294710176795713,0.0017207615722678,0.5714285714285714,Random_Forest,2,META
0.0016163843992909,0.0402042833450739,0.0301886766870557,-0.0374482380654577,0.5238095238095238,XGBoost,2,META
0.0015827447597151,0.0397837248094632,0.0296030889926728,-0.0158572199744229,0.5079365079365079,LSTM,2,META
0.0016096571993616,0.0401205333882993,0.0295440860067647,-0.0331305016923069,0.4761904761904761,GRU,2,META
0.0016343453448661,0.040427037300131,0.0300469473819097,-0.0489761588676838,0.492063492063492,Transformer,2,META
0.0015340822821511,0.039167362460998,0.0293718521666382,0.0153759456207882,0.5873015873015873,Stacked_Ensemble,2,META
0.0021091984909687,0.0459260110500433,0.0375659049137119,-1.0078927718704978,0.5555555555555556,Naive,3,META
0.0010762547442686,0.0328063217119599,0.0249482975673438,-0.02456176171252,0.5238095238095238,Ridge_Regression,3,META
0.0010443429776335,0.0323162958526127,0.0248779443752438,0.0058172689185174,0.5079365079365079,Random_Forest,3,META
0.0010977235551643,0.0331319114323995,0.0259425412222424,-0.044999416301606,0.4761904761904761,XGBoost,3,META
0.0010523340017171,0.0324396979288821,0.0244469546103641,-0.0017899428094745,0.4761904761904761,LSTM,3,META
0.0010532860520707,0.0324543687670979,0.0244649070805509,-0.002696265771374,0.4761904761904761,GRU,3,META
0.0010683453133612,0.032685552058382,0.024715295487948,-0.0170322242049794,0.4603174603174603,Transformer,3,META
0.00104654166825,0.0323502962621681,0.0247263710427652,0.0037241823667927,0.5238095238095238,Stacked_Ensemble,3,META
0.0043782354512554,0.066168235969047,0.0465954395040354,-0.8790004348044347,0.3968253968253968,Naive,4,META
0.0024802817373819,0.0498024270230074,0.030830873269476,-0.0644586192005318,0.5238095238095238,Ridge_Regression,4,META
0.0024312362846569,0.0493075682289944,0.0302240395547019,-0.0434098592556806,0.5079365079365079,Random_Forest,4,META
0.0024493466284514,0.0494908741936478,0.0297118764110676,-0.0511822470688161,0.5555555555555556,XGBoost,4,META
0.0023429938318905,0.0484044815269266,0.0293235340450904,-0.0055389843422113,0.5079365079365079,LSTM,4,META
0.002350256147106,0.0484794404578486,0.0293124447100462,-0.008655740761448,0.492063492063492,GRU,4,META
0.0026193132009551,0.0511792262637408,0.0326438821217447,-0.1241265341434398,0.5079365079365079,Transformer,4,META
0.0023738791642652,0.0487224708349774,0.0293836775667893,-0.0187939939475987,0.6031746031746031,Stacked_Ensemble,4,META
0.0024195071492775,0.0491884859421135,0.0327677027008674,-1.0640964970309494,0.4285714285714285,Naive,5,META
0.001298110558261,0.0360293013845827,0.0230504944162238,-0.1074261371228979,0.5079365079365079,Ridge_Regression,5,META
0.0012490731370036,0.0353422288063966,0.0217708911559357,-0.0655920100896025,0.4761904761904761,Random_Forest,5,META
0.0013648013039913,0.0369432172934541,0.0240077055418911,-0.1643204243281815,0.3968253968253968,XGBoost,5,META
0.001267955446947,0.0356083620368446,0.0216179181623619,-0.0817006253592342,0.4603174603174603,LSTM,5,META
0.0012449171527538,0.0352833835219047,0.0214868496500358,-0.0620465142499051,0.5555555555555556,GRU,5,META
0.0014010585881424,0.037430717173766,0.0236377353623633,-0.1952517374389846,0.5238095238095238,Transformer,5,META
0.0012758983557342,0.0357197194240698,0.0224812728397737,-0.088476769917825,0.3809523809523809,Stacked_Ensemble,5,META
0.0008384148673855,0.0289553944436194,0.0195132626611569,-0.93866774757,0.5555555555555556,Naive,6,META
0.000443801847076,0.0210666050201739,0.0143519131514161,-0.0262035666437829,0.4603174603174603,Ridge_Regression,6,META
0.0004943906481379,0.022234897079545,0.0142482216207782,-0.1431801146776374,0.492063492063492,Random_Forest,6,META
0.0004636434076178,0.0215323804447599,0.0141271898014437,-0.0720832319268127,0.5238095238095238,XGBoost,6,META
0.0004549947221984,0.0213306052937658,0.0127559782648525,-0.0520848658030708,0.5714285714285714,LSTM,6,META
0.0004584416469733,0.0214112504766378,0.0127890793248668,-0.0600551942756837,0.5714285714285714,GRU,6,META
0.0004408383999282,0.0209961520266984,0.0130426425609039,-0.0193511840936602,0.4761904761904761,Transformer,6,META
0.0004479441491269,0.0211646910945314,0.0134926466516024,-0.0357818168623906,0.492063492063492,Stacked_Ensemble,6,META
0.000815959925747,0.0285650122658302,0.023216161825612,-1.0755241923515395,0.4444444444444444,Naive,7,META
0.0004579618527199,0.0214000432878065,0.0173441959192944,-0.1648990036174389,0.5396825396825397,Ridge_Regression,7,META
0.0004457909608536,0.021113762356662,0.0169941177835019,-0.1339403992618832,0.5079365079365079,Random_Forest,7,META
0.0004317545477868,0.0207787041893094,0.0170588743409832,-0.0982365442382984,0.4285714285714285,XGBoost,7,META
0.0003966342905595,0.0199156795153845,0.0164682628447547,-0.0089025693495463,0.492063492063492,LSTM,7,META
0.0003932124443006,0.0198295850763609,0.016394147382055,-0.0001985577079302,0.492063492063492,GRU,7,META
0.0004075363935367,0.0201875306448507,0.0166247046746128,-0.0366338068317564,0.492063492063492,Transformer,7,META
0.0004135553650254,0.0203360607056889,0.016687336346006,-0.0519440206592172,0.4444444444444444,Stacked_Ensemble,7,META
0.0006123020581061,0.0247447379882299,0.020213949173653,-1.1016236356595075,0.492063492063492,Naive,8,META
0.0004121137629481,0.0203005852858518,0.0167511794233462,-0.4145110461840839,0.4285714285714285,Ridge_Regression,8,META
0.0015573161201796,0.0394628448059643,0.0255730719167663,-4.345225159762026,0.492063492063492,Random_Forest,8,META
0.0004915421446225,0.0221707497532786,0.0174658130906832,-0.687135581834559,0.492063492063492,XGBoost,8,META
0.0003096538570863,0.0175969843179557,0.014361365266278,-0.0628346847938392,0.4444444444444444,LSTM,8,META
0.0002995496160731,0.0173075017282426,0.0141874928339059,-0.0281535801776933,0.4444444444444444,GRU,8,META
0.0003011521418682,0.0173537356747263,0.0142163539009974,-0.0336539799285144,0.4444444444444444,Transformer,8,META
0.0004031075893536,0.0200775394247824,0.0162670188745277,-0.3835988729480659,0.4285714285714285,Stacked_Ensemble,8,META
0.0018658938168988,0.0431959930653159,0.0260329475709006,-1.3214710079267098,0.4444444444444444,Naive,9,META
0.0010502057563439,0.0324068782258332,0.0200135109005449,-0.3066243071443271,0.5238095238095238,Ridge_Regression,9,META
0.0008266132984896,0.0287508834384204,0.0163316450137007,-0.0284394480709235,0.5396825396825397,Random_Forest,9,META
0.0009001048134422,0.0300017468398474,0.0170091074610266,-0.1198746732407869,0.492063492063492,XGBoost,9,META
0.0008327618669596,0.0288576136740307,0.0163253753325795,-0.036089252852955,0.5238095238095238,LSTM,9,META
0.0008341151606561,0.0288810519312597,0.0163527302487269,-0.0377729671421693,0.5555555555555556,GRU,9,META
0.0008308438021,0.0288243612609201,0.0162584414598088,-0.033702872705011,0.5555555555555556,Transformer,9,META
0.0008586090007047,0.0293020306583823,0.0165440871568221,-0.0682472304849055,0.492063492063492,Stacked_Ensemble,9,META
0.0008457783983976,0.0290822694849917,0.0206382429196974,-0.9570531461760534,0.5238095238095238,Naive,10,META
0.0004919956566256,0.0221809751053838,0.0157146789499108,-0.1384325368540138,0.4761904761904761,Ridge_Regression,10,META
0.0006214823623992,0.0249295479782366,0.0176047782001125,-0.4380528220282058,0.4761904761904761,Random_Forest,10,META
0.0005931162398566,0.0243539779062203,0.0190112697248897,-0.3724162327373781,0.5079365079365079,XGBoost,10,META
0.0004361927593824,0.0208852282578477,0.0136658899924321,-0.0093097833969006,0.5238095238095238,LSTM,10,META
0.0004331667104762,0.0208126574582932,0.0137233988190237,-0.0023077855408624,0.492063492063492,GRU,10,META
0.0004902433014814,0.0221414385594401,0.0154488020239658,-0.1343777487976361,0.4285714285714285,Transformer,10,META
0.0004555547203803,0.0213437278932327,0.0147096060441419,-0.0541115739829216,0.5079365079365079,Stacked_Ensemble,10,META
0.0010408759139068,0.0322626086035646,0.0256985878370894,-1.1320460960527834,0.492063492063492,Naive,11,META
0.0007358789855726,0.0271270895153292,0.0208224297449019,-0.5073150386089167,0.5555555555555556,Ridge_Regression,11,META
0.000543633373343,0.0233159467605974,0.0172558618129235,-0.1135346642517802,0.5238095238095238,Random_Forest,11,META
0.0005889888198195,0.0242690918622748,0.0186362713026645,-0.206437095082409,0.4603174603174603,XGBoost,11,META
0.0004921816407242,0.0221851671331145,0.0161322470532127,-0.0081450936032474,0.5873015873015873,LSTM,11,META
0.0005013296237477,0.0223903913263651,0.0163283831775244,-0.0268830826675596,0.492063492063492,GRU,11,META
0.0004931217036116,0.0222063437695546,0.0163179642047695,-0.0100706424437693,0.3968253968253968,Transformer,11,META
0.0005357315336835,0.0231458750900359,0.0172338996164374,-0.0973491745382419,0.4603174603174603,Stacked_Ensemble,11,META
0.000496022544521,0.022271563585008,0.0182000242221516,-0.9540328370205085,0.4444444444444444,Naive,12,META
0.0003149546391437,0.0177469614059338,0.0139021189746587,-0.2407333373385023,0.4285714285714285,Ridge_Regression,12,META
0.0007556160417842,0.0274884710703272,0.0172066983392401,-1.9766763106533656,0.5079365079365079,Random_Forest,12,META
0.0003375029814965,0.0183712542167513,0.0140342315713788,-0.3295603510789635,0.4761904761904761,XGBoost,12,META
0.0002542324607313,0.0159446687244164,0.0120323232160158,-0.0015241887550185,0.4761904761904761,LSTM,12,META
0.0002543618036302,0.0159487242007078,0.0118807883979334,-0.0020337225945665,0.5238095238095238,GRU,12,META
0.0002512326773022,0.015850321047294,0.0117801411684855,0.0102931679138187,0.492063492063492,Transformer,12,META
0.0002916019873826,0.0170763575560674,0.0127653173007106,-0.1487378244800266,0.4761904761904761,Stacked_Ensemble,12,META
0.0008986773312493,0.029977947415547,0.0219895038175051,-1.19022044564469,0.6507936507936508,Naive,13,META
0.0005695925080988,0.0238661372680801,0.0200574992722529,-0.3881880776828534,0.3492063492063492,Ridge_Regression,13,META
0.0005809125792784,0.0241021281068393,0.0182063290924887,-0.4157769023718607,0.5396825396825397,Random_Forest,13,META
0.0005090374498033,0.0225618582967661,0.0177185551871391,-0.2406057117388822,0.4444444444444444,XGBoost,13,META
0.0004148390587077,0.020367598255752,0.0161301414320635,-0.0110291607896069,0.6031746031746031,LSTM,13,META
0.0004142267680171,0.0203525617065061,0.0169048679381803,-0.0095369104094797,0.3968253968253968,GRU,13,META
0.0005243517345147,0.0228987277924937,0.0174220438305427,-0.277929073883375,0.6031746031746031,Transformer,13,META
0.0004712010515736,0.021707165903767,0.0172804378811039,-0.1483923553865929,0.4761904761904761,Stacked_Ensemble,13,META
0.0021073777513088,0.0459061842381708,0.031194275856165,-1.0884133280631234,0.5079365079365079,Naive,14,META
0.0011523704522414,0.0339465823352136,0.0229226407050839,-0.1420001989830275,0.5873015873015873,Ridge_Regression,14,META
0.0010862488323458,0.0329582892812392,0.0216679824740622,-0.07647361165083,0.5079365079365079,Random_Forest,14,META
0.0010498575150101,0.0324015048263212,0.0216415336826503,-0.0404097820395943,0.5555555555555556,XGBoost,14,META
0.0010376699254559,0.0322128844634552,0.0213498641289805,-0.028331869360602,0.5079365079365079,LSTM,14,META
0.0010102348596434,0.0317841919771999,0.0211645121480888,-0.0011436934090613,0.492063492063492,GRU,14,META
0.0029504442803613,0.0543179922342623,0.043686202693942,-1.923893049068816,0.492063492063492,Transformer,14,META
0.0010252497195088,0.0320195209131685,0.0209570475134271,-0.0160234336180935,0.6031746031746031,Stacked_Ensemble,14,META
0.0009230803569296,0.0303822375234215,0.0202370196469674,-1.5805482773759674,0.3492063492063492,Naive,15,META
0.000416989701879,0.0204203257045279,0.0138928999733918,-0.1657295584174645,0.4444444444444444,Ridge_Regression,15,META
0.0004970346685642,0.0222942743448688,0.0159916577909149,-0.38950195194923,0.4761904761904761,Random_Forest,15,META
0.0003575966431174,0.0189102258875314,0.0125517466344602,0.0003087006838182,0.5873015873015873,XGBoost,15,META
0.00035779779465,0.0189155437312826,0.0123051652891453,-0.000253635235317,0.4761904761904761,LSTM,15,META
0.0003579448154696,0.0189194295756947,0.0123156098221272,-0.000664644222692,0.4761904761904761,GRU,15,META
0.0003899364024261,0.0197468073983137,0.0133684091595476,-0.0900997990184648,0.492063492063492,Transformer,15,META
0.0003591047672107,0.0189500598207684,0.0123623258678025,-0.0039073862490852,0.5555555555555556,Stacked_Ensemble,15,META
0.0008746130948966,0.0295738583025051,0.0212353268441361,-0.8778237185029305,0.4761904761904761,Naive,16,META
0.0005882898846375,0.0242546878899224,0.0176676402276568,-0.26307816013009,0.365079365079365,Ridge_Regression,16,META
0.0006104563283799,0.024707414441418,0.0168937053686427,-0.3106702600623954,0.4603174603174603,Random_Forest,16,META
0.0005076407952522,0.0225308853632577,0.014913386068085,-0.0899218538650266,0.5396825396825397,XGBoost,16,META
0.000476913552917,0.0218383505081545,0.0141502354501114,-0.0239494315470991,0.5238095238095238,LSTM,16,META
0.0004704292576584,0.0216893812188931,0.0140805660917136,-0.0100274316304391,0.5238095238095238,GRU,16,META
0.0006714961928136,0.0259132435795616,0.0178887446726902,-0.4417249011106754,0.5714285714285714,Transformer,16,META
0.0004959102109979,0.0222690415374784,0.0145814529980019,-0.0647358950985774,0.5079365079365079,Stacked_Ensemble,16,META
0.0010959681712928,0.0331054100003741,0.0239007698998494,-0.8940304283498661,0.5079365079365079,Naive,17,META
0.0006144014818456,0.0247871233071866,0.017790942492271,-0.0617964392763252,0.5555555555555556,Ridge_Regression,17,META
0.0006037365284276,0.0245710506170911,0.0179660513306751,-0.0433654785789598,0.5396825396825397,Random_Forest,17,META
0.0006053714767794,0.0246042979330733,0.0178925550006666,-0.0461909638513997,0.5396825396825397,XGBoost,17,META
0.000604297552422,0.0245824643276886,0.0173576441112506,-0.0443350291045254,0.4444444444444444,LSTM,17,META
0.0006022887990009,0.0245415728713728,0.017324207875352,-0.0408635413346936,0.4444444444444444,GRU,17,META
0.0006060945835343,0.024618988271948,0.0177899876826524,-0.0474406225847079,0.4444444444444444,Transformer,17,META
0.000578822471955,0.0240587296413384,0.0173842014971195,-0.0003095009613474,0.4761904761904761,Stacked_Ensemble,17,META
0.001195098835149,0.0345702015491523,0.0271206889292701,-0.8333465539710079,0.6349206349206349,Naive,18,META
0.0006753394747133,0.0259872944862171,0.018048269297085,-0.0360074516949631,0.5396825396825397,Ridge_Regression,18,META
0.0006614620638747,0.0257189047953973,0.017627621055744,-0.0147187493794576,0.4603174603174603,Random_Forest,18,META
0.0006961818638565,0.026385258457262,0.0187795716733001,-0.0679808092017093,0.4603174603174603,XGBoost,18,META
0.0006539721882694,0.0255728799369455,0.0174093246528206,-0.0032288732062424,0.5396825396825397,LSTM,18,META
0.0006543577883262,0.0255804180639464,0.0175146482220706,-0.0038204046466856,0.4603174603174603,GRU,18,META
0.0006509683003115,0.0255140804324119,0.0174298454874202,0.0013792541503049,0.5396825396825397,Transformer,18,META
0.0006672181015861,0.0258305652587421,0.0179628765283457,-0.0235488240079293,0.4761904761904761,Stacked_Ensemble,18,META
0.0027778128809184,0.0527049606860538,0.0418500721140407,-1.248744336148078,0.5079365079365079,Naive,0,NVDA
0.0016497807415891,0.0406174930490447,0.0290500321931001,-0.3355597578294043,0.4761904761904761,Ridge_Regression,0,NVDA
0.0012481891218277,0.0353297200926893,0.0265234942935299,-0.0104561892677863,0.5873015873015873,Random_Forest,0,NVDA
0.0013956970476603,0.0373590289978254,0.0284140888997873,-0.12986942081825,0.4444444444444444,XGBoost,0,NVDA
0.0011894533399492,0.034488452269553,0.0253975275025419,0.0370926423097084,0.6190476190476191,LSTM,0,NVDA
0.0012364068880382,0.0351625779492659,0.0266346306517466,-0.0009180264622643,0.5396825396825397,GRU,0,NVDA
0.0012701728231247,0.0356394840468365,0.0271037204287303,-0.0282528249298381,0.3333333333333333,Transformer,0,NVDA
0.0012901007084648,0.0359179719425365,0.0271088559245281,-0.0443852000073148,0.5238095238095238,Stacked_Ensemble,0,NVDA
0.0027604293517302,0.0525397882726061,0.0440137381137339,-0.8091084038429137,0.6031746031746031,Naive,1,NVDA
0.0020079177982659,0.0448097957846934,0.0356530518776373,-0.3159333205871457,0.492063492063492,Ridge_Regression,1,NVDA
0.0018546031171976,0.0430651032414602,0.0339674566203604,-0.2154551548339429,0.5079365079365079,Random_Forest,1,NVDA
0.0018014703324037,0.0424437313675851,0.0334887051363122,-0.1806334096478288,0.4444444444444444,XGBoost,1,NVDA
0.0015396110033436,0.0392378771513401,0.0317756058131828,-0.00901810910399,0.5238095238095238,LSTM,1,NVDA
0.0015389230641317,0.0392291099074617,0.0317754809974791,-0.0085672529323233,0.5238095238095238,GRU,1,NVDA
0.0020887156299569,0.0457024685324214,0.0358380751609072,-0.3688859658823191,0.5079365079365079,Transformer,1,NVDA
0.0016601056749319,0.040744394398886,0.0322745295223157,-0.0879869560524095,0.4126984126984127,Stacked_Ensemble,1,NVDA
0.004685560968422,0.0684511575389489,0.0566014593258831,-1.402781421215321,0.4285714285714285,Naive,2,NVDA
0.0030406752743048,0.0551423183617157,0.0452718420494247,-0.5592749953073257,0.4285714285714285,Ridge_Regression,2,NVDA
0.002060154493645,0.0453889247905813,0.0384710824431754,-0.056458549045552,0.4603174603174603,Random_Forest,2,NVDA
0.0020684314154734,0.0454800111639545,0.0376459908249401,-0.060703000057523,0.4603174603174603,XGBoost,2,NVDA
0.0020980183966762,0.0458041307818003,0.03871804622002,-0.0758753666584817,0.4285714285714285,LSTM,2,NVDA
0.0020439271452089,0.0452098124880971,0.0383211153079262,-0.0481370755654839,0.4285714285714285,GRU,2,NVDA
0.002370334079878,0.0486860768585648,0.0408820969905277,-0.2155203459283219,0.4285714285714285,Transformer,2,NVDA
0.002066758673944,0.0454616175904905,0.0382537467089988,-0.0598452090061449,0.4444444444444444,Stacked_Ensemble,2,NVDA
0.0021966111150805,0.0468680180408834,0.0356337681128716,-0.731001248093347,0.6666666666666666,Naive,3,NVDA
0.0012538890119591,0.0354102952820095,0.0277046794563916,0.0118945361923442,0.6349206349206349,Ridge_Regression,3,NVDA
0.0012662572832562,0.0355845090349197,0.0282190083489543,0.0021479347547097,0.4761904761904761,Random_Forest,3,NVDA
0.0012722993896413,0.0356693059876611,0.0283600857741928,-0.0026134422691732,0.5238095238095238,XGBoost,3,NVDA
0.001282669441642,0.0358143747906072,0.0280757240270523,-0.0107853816865512,0.492063492063492,LSTM,3,NVDA
0.0013030341598542,0.0360975644587593,0.0281560659511525,-0.0268334442682149,0.492063492063492,GRU,3,NVDA
0.0012778434031058,0.0357469355764355,0.0280593997299229,-0.0069823058156162,0.5555555555555556,Transformer,3,NVDA
0.0012433100930685,0.0352606025624709,0.0279865481299573,0.0202310695356122,0.5079365079365079,Stacked_Ensemble,3,NVDA
0.0028015205082057,0.0529293917233679,0.0409858601000864,-1.064859319606266,0.5555555555555556,Naive,4,NVDA
0.0015443122606528,0.039297738620089,0.0290893636426805,-0.1382345959814248,0.5555555555555556,Ridge_Regression,4,NVDA
0.00139506330307,0.0373505462218437,0.0285692172320734,-0.0282307248323094,0.492063492063492,Random_Forest,4,NVDA
0.001679947974453,0.0409871684122364,0.0306500364604571,-0.2382048324624546,0.5079365079365079,XGBoost,4,NVDA
0.0013533745420609,0.0367882391813056,0.0284047958838297,0.0024959560684424,0.5079365079365079,LSTM,4,NVDA
0.0013637531501643,0.0369290285570087,0.0284691033121644,-0.0051535919552521,0.5079365079365079,GRU,4,NVDA
0.0013643654647642,0.036937318050506,0.0286941033919152,-0.0056048981314411,0.4285714285714285,Transformer,4,NVDA
0.0014832367860335,0.038512813270827,0.0290653547073681,-0.0932189473015256,0.4761904761904761,Stacked_Ensemble,4,NVDA
0.002603318026864,0.0510227206924916,0.0402410802928035,-0.9747515346141408,0.6031746031746031,Naive,5,NVDA
0.0015962499744443,0.0399530971821251,0.0315155497333864,-0.2108382664483399,0.3492063492063492,Ridge_Regression,5,NVDA
0.001390885036026,0.0372945711334247,0.0284764730528909,-0.0550583259598835,0.5079365079365079,Random_Forest,5,NVDA
0.0014380076389613,0.0379210711737072,0.0290299268292466,-0.0908032605015873,0.4761904761904761,XGBoost,5,NVDA
0.0013411563761366,0.0366218019236714,0.0280039530911839,-0.0173365622653853,0.6190476190476191,LSTM,5,NVDA
0.001348293277335,0.0367191132427653,0.0281033528502189,-0.0227502714044476,0.6190476190476191,GRU,5,NVDA
0.0013601177647638,0.0368797744673663,0.0282464731563576,-0.0317197574430587,0.6190476190476191,Transformer,5,NVDA
0.0014007202225708,0.0374261970091913,0.0287606907608095,-0.0625188242632017,0.4603174603174603,Stacked_Ensemble,5,NVDA
0.0024028702316232,0.0490190802812865,0.03016597858325,-0.9971550118589748,0.6031746031746031,Naive,6,NVDA
0.0012297115577769,0.0350672433729395,0.0222753277423318,-0.0220795815078751,0.5714285714285714,Ridge_Regression,6,NVDA
0.0013172853404949,0.0362944257496236,0.0243146666695423,-0.0948668742883507,0.5396825396825397,Random_Forest,6,NVDA
0.0012479212955037,0.0353259295065782,0.02163716091228,-0.0372146763985712,0.5238095238095238,XGBoost,6,NVDA
0.0012650184521976,0.035567097888325,0.0219043321710037,-0.0514250452027227,0.5396825396825397,LSTM,6,NVDA
0.0012977147926083,0.0360238086910364,0.0224337377821166,-0.0786007366992003,0.5238095238095238,GRU,6,NVDA
0.0012262531496418,0.0350178975617025,0.0216050257228285,-0.0192051120300313,0.5396825396825397,Transformer,6,NVDA
0.0012105171017095,0.0347924862823786,0.0214427125968059,-0.0061260341083761,0.5555555555555556,Stacked_Ensemble,6,NVDA
0.0012764100889974,0.0357268818818192,0.0271313607115404,-1.0113906759545217,0.5238095238095238,Naive,7,NVDA
0.0009186925505191,0.0303099414469763,0.0236582432311548,-0.4476927486795639,0.5079365079365079,Ridge_Regression,7,NVDA
0.0006119728100468,0.0247380842032452,0.0186010191279897,0.035641903275206,0.5079365079365079,Random_Forest,7,NVDA
0.0007899444659449,0.028105950721244,0.0208171934053413,-0.2448091307172346,0.4761904761904761,XGBoost,7,NVDA
0.0006376360850818,0.0252514570882927,0.0188155869678532,-0.004798761182778,0.4603174603174603,LSTM,7,NVDA
0.0006468417179756,0.0254330831394,0.0191579240035618,-0.0193051681191964,0.4603174603174603,GRU,7,NVDA
0.0006226553948944,0.0249530638378216,0.018686911129982,0.0188080880753154,0.5555555555555556,Transformer,7,NVDA
0.0007088620278841,0.0266244629595436,0.0196920552431492,-0.1170379219927515,0.5079365079365079,Stacked_Ensemble,7,NVDA
0.0008470404020261,0.0291039585284567,0.0242605077616443,-0.8970273073315198,0.5238095238095238,Naive,8,NVDA
0.0007418671798578,0.0272372388442339,0.0230039006015666,-0.6614819024416949,0.3968253968253968,Ridge_Regression,8,NVDA
0.0004379036676431,0.0209261479408695,0.0174244568483448,0.0192732087954559,0.6507936507936508,Random_Forest,8,NVDA
0.0004306582633494,0.0207523074222959,0.0167138306124497,0.0354999788112496,0.6349206349206349,XGBoost,8,NVDA
0.0004465394648257,0.0211314804220084,0.0176077127430707,-6.7477949496908e-05,0.6190476190476191,LSTM,8,NVDA
0.0004490154097306,0.0211899837123739,0.0180259596912974,-0.005612591364275,0.6190476190476191,GRU,8,NVDA
0.000471440365658,0.0217126775331374,0.0189537502860576,-0.0558354067791149,0.3809523809523809,Transformer,8,NVDA
0.0004223174286335,0.0205503632238831,0.0169468969442128,0.0541800691401783,0.6349206349206349,Stacked_Ensemble,8,NVDA
0.0018947932280081,0.0435292226901437,0.0295067906019231,-1.1436993783833085,0.5555555555555556,Naive,9,NVDA
0.0010189506324476,0.0319210061315057,0.0227201788869881,-0.1528032743063465,0.5238095238095238,Ridge_Regression,9,NVDA
0.0009827397143503,0.0313486796269048,0.0210124302575485,-0.1118355732039455,0.5238095238095238,Random_Forest,9,NVDA
0.0010280212465936,0.0320627704135748,0.0226974878214467,-0.1630654335851962,0.4126984126984127,XGBoost,9,NVDA
0.0009437234438273,0.0307200820934336,0.0205802645164786,-0.0676939995321057,0.6507936507936508,LSTM,9,NVDA
0.000947809560581,0.0307865158889572,0.0206307237860457,-0.0723168817629773,0.6507936507936508,GRU,9,NVDA
0.0009652946819158,0.0310691918452318,0.0209522001334478,-0.0920989050372473,0.6507936507936508,Transformer,9,NVDA
0.0009857264269146,0.031396280463052,0.0217012195813209,-0.1152146299647947,0.4761904761904761,Stacked_Ensemble,9,NVDA
0.002028950772708,0.0450438760844138,0.0348545740377815,-0.8706397579894352,0.5079365079365079,Naive,10,NVDA
0.0012833798915188,0.0358242919192946,0.0269250745567022,-0.1832428277572519,0.5555555555555556,Ridge_Regression,10,NVDA
0.0030495183912686,0.0552224446332167,0.0445155192080488,-1.8115765163751871,0.5396825396825397,Random_Forest,10,NVDA
0.0011717204298866,0.0342304021286145,0.0267963491562363,-0.080295712876754,0.4603174603174603,XGBoost,10,NVDA
0.0010844265351149,0.0329306321699858,0.0256360678220912,0.0001869840848094,0.5396825396825397,LSTM,10,NVDA
0.001083119542051,0.0329107815472542,0.0256000545390192,0.0013919976422995,0.5396825396825397,GRU,10,NVDA
0.001084053898929,0.0329249737878257,0.0258281664149128,0.0005305449409775,0.5714285714285714,Transformer,10,NVDA
0.0011660708152779,0.0341477790680149,0.0265377417328336,-0.0750869153807713,0.5396825396825397,Stacked_Ensemble,10,NVDA
0.0043395313289359,0.0658751191948518,0.0535807959417067,-1.5963973277474777,0.3809523809523809,Naive,11,NVDA
0.0021840218828308,0.0467335199062816,0.0375892228966378,-0.306728342416281,0.492063492063492,Ridge_Regression,11,NVDA
0.0023576108051486,0.0485552345803066,0.0350623570889197,-0.4105888240833093,0.4761904761904761,Random_Forest,11,NVDA
0.0019520116485172,0.0441815758944519,0.0344675090722308,-0.167913639463179,0.3968253968253968,XGBoost,11,NVDA
0.0019560629338337,0.044227400260854,0.0340827397292087,-0.1703375754997205,0.5238095238095238,LSTM,11,NVDA
0.0016835528250054,0.0410311202016891,0.0319836533912674,-0.0072912774748232,0.492063492063492,GRU,11,NVDA
0.0019437291551351,0.0440877438199678,0.0346574962729022,-0.1629581172986123,0.492063492063492,Transformer,11,NVDA
0.0019112457908562,0.0437177971866861,0.0338558157121859,-0.1435229032588874,0.3809523809523809,Stacked_Ensemble,11,NVDA
0.0009898556189852,0.0314619709965105,0.0259084265265208,-0.8136370553616217,0.492063492063492,Naive,12,NVDA
0.0012902983202424,0.0359207227132537,0.0282876873206844,-1.3641153327608797,0.3809523809523809,Ridge_Regression,12,NVDA
0.0006148343795512,0.0247958540798917,0.019675612101811,-0.1265142029577903,0.492063492063492,Random_Forest,12,NVDA
0.0006484148386469,0.0254639910196128,0.0205983477226195,-0.1880411204029208,0.4761904761904761,XGBoost,12,NVDA
0.0005557453092236,0.0235742509790577,0.0191266328136402,-0.0182498000916375,0.5555555555555556,LSTM,12,NVDA
0.0005462747321006,0.0233725208760331,0.0191009455457953,-0.0008975829839126,0.5555555555555556,GRU,12,NVDA
0.0005518791886113,0.0234921090711608,0.0190802731196447,-0.0111662017683475,0.5555555555555556,Transformer,12,NVDA
0.0006060057273631,0.024617183579019,0.0200294404378553,-0.1103381360140489,0.4761904761904761,Stacked_Ensemble,12,NVDA
0.0042581353559994,0.065254389553496,0.0466656113294673,-1.3875701151399218,0.4444444444444444,Naive,13,NVDA
0.0019372923446892,0.0440146832851182,0.0314298639954942,-0.086255113979067,0.5555555555555556,Ridge_Regression,13,NVDA
0.001777395584117,0.0421591696326789,0.0306515351676567,0.0034002621733492,0.5238095238095238,Random_Forest,13,NVDA
0.0018217425131831,0.0426818756989795,0.0302448776274637,-0.0214654111048313,0.5079365079365079,XGBoost,13,NVDA
0.0018128580453937,0.0425776707370628,0.0307990091986253,-0.0164838198660686,0.5238095238095238,LSTM,13,NVDA
0.0018093960680441,0.0425369964624221,0.0307620563662959,-0.0145426618313417,0.5238095238095238,GRU,13,NVDA
0.0018118679487625,0.0425660422022361,0.0307576926950255,-0.0159286648674403,0.5238095238095238,Transformer,13,NVDA
0.0017969953098028,0.0423909814677944,0.0301263479534534,-0.0075894587726161,0.492063492063492,Stacked_Ensemble,13,NVDA
0.0027160230543252,0.0521154780686623,0.0337621976319662,-1.1453235333632112,0.3809523809523809,Naive,14,NVDA
0.0018536429716248,0.0430539541926737,0.031576543110358,-0.4641495340576496,0.492063492063492,Ridge_Regression,14,NVDA
0.0014493502730951,0.0380703332411892,0.0260034109050186,-0.14480812083166,0.5238095238095238,Random_Forest,14,NVDA
0.0013944429943086,0.0373422414205235,0.0258330596101618,-0.1014381364914687,0.5079365079365079,XGBoost,14,NVDA
0.0012691087645304,0.0356245528327093,0.0237160279741284,-0.0024395391670253,0.5714285714285714,LSTM,14,NVDA
0.001290333937696,0.0359212184884655,0.0240214396442409,-0.0192048105145234,0.4285714285714285,GRU,14,NVDA
0.0014162109884236,0.0376325788170788,0.025506847708441,-0.1186321695003653,0.5555555555555556,Transformer,14,NVDA
0.0013774801998807,0.0371144203764626,0.0251604695903807,-0.0880396191188797,0.5238095238095238,Stacked_Ensemble,14,NVDA
0.0006816416124953,0.0261082671293082,0.0206594504725604,-1.231833740809506,0.4603174603174603,Naive,15,NVDA
0.0003947011747498,0.0198670877269367,0.0152164371075915,-0.2923321921603026,0.5555555555555556,Ridge_Regression,15,NVDA
0.0016340372794972,0.0404232269802548,0.0328915508842707,-4.350171508414894,0.492063492063492,Random_Forest,15,NVDA
0.0008093172797525,0.0284485022409363,0.0218168786398895,-1.6498699299763486,0.5079365079365079,XGBoost,15,NVDA
0.0003058106142106,0.0174874416142171,0.0134001447898299,-0.0012863572024113,0.5396825396825397,LSTM,15,NVDA
0.0003034516585356,0.0174198639069213,0.0133752462569472,0.0064373450657762,0.5396825396825397,GRU,15,NVDA
0.000314713606568,0.0177401692936704,0.0135895452356236,-0.0304365709998906,0.5396825396825397,Transformer,15,NVDA
0.0006738736356742,0.0259590761714331,0.0201236651324275,-1.2063997994989468,0.5079365079365079,Stacked_Ensemble,15,NVDA
0.0011961734524481,0.0345857405941835,0.0276560560186171,-1.2111148251523365,0.4761904761904761,Naive,16,NVDA
0.0006506211378398,0.025507276174453,0.0213048899028663,-0.2026667541323472,0.5079365079365079,Ridge_Regression,16,NVDA
0.0005417692254461,0.0232759366180216,0.0190464808998309,-0.0014550680284555,0.4603174603174603,Random_Forest,16,NVDA
0.0005914983297773,0.024320738676639,0.0204330892989146,-0.0933788267469237,0.4603174603174603,XGBoost,16,NVDA
0.0005502793803667,0.0234580344523304,0.0189418634371414,-0.0171860054361419,0.5238095238095238,LSTM,16,NVDA
0.0005474874537747,0.023398449815634,0.0189054751025303,-0.0120251566766067,0.5238095238095238,GRU,16,NVDA
0.0006415753852625,0.0253293384292319,0.0207314973365935,-0.1859457697405839,0.4761904761904761,Transformer,16,NVDA
0.0005638901510779,0.0237463713244344,0.0198724856512344,-0.0423453808090805,0.4285714285714285,Stacked_Ensemble,16,NVDA
0.0009073014224902,0.0301214445618108,0.0225456736461172,-0.9374545789828834,0.4603174603174603,Naive,17,NVDA
0.000526314867977,0.0229415533034948,0.0175273150259418,-0.1238945797640469,0.5555555555555556,Ridge_Regression,17,NVDA
0.0004857747391481,0.0220402980730327,0.0168186213651207,-0.0373250491921024,0.4444444444444444,Random_Forest,17,NVDA
0.0005275983349454,0.0229695088094071,0.0171187292617383,-0.126635299543756,0.5396825396825397,XGBoost,17,NVDA
0.0004867462668792,0.0220623268691058,0.0168486998158691,-0.0393996528515381,0.4761904761904761,LSTM,17,NVDA
0.0004753645572819,0.0218028566312294,0.0166745543050048,-0.0150951110208088,0.4761904761904761,GRU,17,NVDA
0.0004885236891642,0.022102572003372,0.0168711599015194,-0.0431951665137564,0.4761904761904761,Transformer,17,NVDA
0.0004973465106606,0.0223012670191769,0.0167137706295632,-0.0620354498903592,0.5396825396825397,Stacked_Ensemble,17,NVDA
0.0013369680052319,0.0365645730896988,0.0286059014556275,-1.1023944621562567,0.5714285714285714,Naive,18,NVDA
0.0006506988540393,0.0255087995413219,0.0202391324594211,-0.0232299216662461,0.5396825396825397,Ridge_Regression,18,NVDA
0.0007032907284375,0.026519629115761,0.020616157156122,-0.1059311269729152,0.492063492063492,Random_Forest,18,NVDA
0.0006812747621244,0.0261012406242388,0.0199974281223012,-0.0713108178297237,0.5238095238095238,XGBoost,18,NVDA
0.0006364668339733,0.0252282943135948,0.0197594960801196,-0.0008499394565506,0.5396825396825397,LSTM,18,NVDA
0.0006351770924031,0.0252027199405762,0.0197248090669168,0.0011781910030312,0.5396825396825397,GRU,18,NVDA
0.000645519828139,0.0254070822437175,0.01984546528072,-0.0150858558923585,0.3968253968253968,Transformer,18,NVDA
0.0006636129802848,0.0257606867199777,0.0198591692579247,-0.0435375037443941,0.5714285714285714,Stacked_Ensemble,18,NVDA
0.0003673176223385,0.0191655321433707,0.0156635465501231,-1.0249310092747543,0.5238095238095238,Naive,0,JPM
0.0002429270001259,0.01558611562019,0.0122561667087829,-0.3391963402498374,0.365079365079365,Ridge_Regression,0,JPM
0.0001804155265709,0.0134318846991395,0.0107104021763983,0.0054139194784835,0.5079365079365079,Random_Forest,0,JPM
0.0002003475127441,0.0141544167221464,0.0113236406372574,-0.1044661799885271,0.5555555555555556,XGBoost,0,JPM
0.0001850576433944,0.0136035893570217,0.0111735904929559,-0.0201769199828174,0.4285714285714285,LSTM,0,JPM
0.0001858217790293,0.0136316462332804,0.0111104454307941,-0.0243894103403887,0.4285714285714285,GRU,0,JPM
0.0002255993246823,0.0150199642037653,0.0114774351899846,-0.243673160335712,0.5714285714285714,Transformer,0,JPM
0.000184458742561,0.0135815589149793,0.0108536347757692,-0.0168753281306388,0.4285714285714285,Stacked_Ensemble,0,JPM
0.0006239493234762,0.0249789776307249,0.0185321896034203,-0.5563334626665122,0.6190476190476191,Naive,1,JPM
0.0005182244352126,0.0227645433780846,0.0177071219981928,-0.2926210500549839,0.4285714285714285,Ridge_Regression,1,JPM
0.0005062801804259,0.0225006706661367,0.0157681922157648,-0.262828176320196,0.5555555555555556,Random_Forest,1,JPM
0.0005002971531022,0.0223673233334314,0.0164126281326946,-0.2479045514655151,0.4761904761904761,XGBoost,1,JPM
0.0004067694632259,0.0201685265506921,0.0149648726640573,-0.0146159365674325,0.492063492063492,LSTM,1,JPM
0.0004163424293112,0.0204044708167418,0.0154816414755816,-0.0384940415592125,0.5079365079365079,GRU,1,JPM
0.0003901354030883,0.019751845561576,0.0145859169170735,0.0268748439144815,0.5396825396825397,Transformer,1,JPM
0.00042982666905,0.0207322615517478,0.0152296460337798,-0.0721281408915308,0.4603174603174603,Stacked_Ensemble,1,JPM
0.0006177253386648,0.0248540809257719,0.0204538340687433,-0.7056181884036519,0.5396825396825397,Naive,2,JPM
0.000404485151508,0.0201118162160466,0.0153925282800683,-0.1168349234993137,0.4761904761904761,Ridge_Regression,2,JPM
0.0003790322844164,0.0194687514858164,0.0154124194089378,-0.0465563217631181,0.5555555555555556,Random_Forest,2,JPM
0.0004241972656906,0.0205960497593741,0.0159432690048053,-0.1712625766604518,0.492063492063492,XGBoost,2,JPM
0.0003844241021825,0.0196067361430329,0.0158132807984531,-0.06144381605012,0.4761904761904761,LSTM,2,JPM
0.0003753003513214,0.0193726702166081,0.0156393160502886,-0.0362519800656648,0.3968253968253968,GRU,2,JPM
0.0003695082056349,0.0192225962251447,0.0154127512088388,-0.0202591294985432,0.4761904761904761,Transformer,2,JPM
0.0003750640695703,0.0193665709295778,0.0153199688856825,-0.0355995761135967,0.4761904761904761,Stacked_Ensemble,2,JPM
0.000635956113623,0.0252181703068046,0.0200503412123066,-1.4529770838791642,0.3809523809523809,Naive,3,JPM
0.0003240708770767,0.0180019687000264,0.0140794935959815,-0.2499894536639182,0.5079365079365079,Ridge_Regression,3,JPM
0.0002729315808774,0.016520641055281,0.013044476884954,-0.0527376009410336,0.492063492063492,Random_Forest,3,JPM
0.0002588401108225,0.0160885086575044,0.0131453563716037,0.0016152897415911,0.5238095238095238,XGBoost,3,JPM
0.0002598054773752,0.016118482477431,0.0127600526374473,-0.0021082722786294,0.4603174603174603,LSTM,3,JPM
0.0002598412437049,0.0161195919211654,0.0127310584877784,-0.0022462283185673,0.4603174603174603,GRU,3,JPM
0.0002734463769102,0.0165362141045118,0.013265513396434,-0.0547232456173332,0.4603174603174603,Transformer,3,JPM
0.000254605481037,0.0159563617731927,0.0126654987193794,0.0179488850954914,0.4761904761904761,Stacked_Ensemble,3,JPM
0.0005847140828934,0.024180861913783,0.0192614815097414,-0.5904883378682602,0.5396825396825397,Naive,4,JPM
0.0004311766306804,0.0207647930565273,0.0164883183760773,-0.1728491286971243,0.3809523809523809,Ridge_Regression,4,JPM
0.00039539616381,0.0198845709988931,0.0153529375975393,-0.0755222180825996,0.3968253968253968,Random_Forest,4,JPM
0.0004171391967239,0.0204239858187357,0.0157270392885122,-0.1346657230727765,0.4444444444444444,XGBoost,4,JPM
0.0003673223390175,0.0191656551940574,0.0147612640365418,0.0008417557606616,0.5079365079365079,LSTM,4,JPM
0.0003667249406186,0.0191500637236176,0.0146656447897918,0.0024667468704787,0.5079365079365079,GRU,4,JPM
0.0003599596662688,0.0189726030440968,0.0147264086267872,0.0208690571115808,0.6031746031746031,Transformer,4,JPM
0.000378949883011,0.0194666351229752,0.015015122773961,-0.0307864770130086,0.4444444444444444,Stacked_Ensemble,4,JPM
0.0006823784389804,0.0261223742982989,0.0181366169925662,-1.5016464651449888,0.5079365079365079,Naive,5,JPM
0.0002854428887787,0.0168950551576124,0.0130454250404498,-0.0464533357488712,0.4761904761904761,Ridge_Regression,5,JPM
0.0002710451119849,0.0164634477551022,0.0123475663149942,0.0063299079244506,0.4603174603174603,Random_Forest,5,JPM
0.0002708350479042,0.0164570668074324,0.0119880560683392,0.0071000173459747,0.5396825396825397,XGBoost,5,JPM
0.0002740719357724,0.0165551181141193,0.0127753292017577,-0.0047666370364936,0.3968253968253968,LSTM,5,JPM
0.0002736874461205,0.0165435016281491,0.0122938979274701,-0.0033570714295827,0.6031746031746031,GRU,5,JPM
0.0003149921262761,0.017748017530872,0.0144460717499889,-0.1547828803392421,0.4126984126984127,Transformer,5,JPM
0.0002680020857769,0.0163707692481736,0.0122243134829961,0.0174858520777345,0.5238095238095238,Stacked_Ensemble,5,JPM
0.0003842550127263,0.0196024236441909,0.013795855812465,-0.8808643618750358,0.492063492063492,Naive,6,JPM
0.0002646709824089,0.0162687117624287,0.0113299019252833,-0.2955204277063101,0.5238095238095238,Ridge_Regression,6,JPM
0.0002247367163922,0.0149912213108972,0.0099772780760506,-0.1000488390977354,0.4126984126984127,Random_Forest,6,JPM
0.000225628873132,0.0150209478107103,0.0099774782262526,-0.1044157979180304,0.4444444444444444,XGBoost,6,JPM
0.0002037055733593,0.0142725461414332,0.0094165158253129,0.0028951072662393,0.5238095238095238,LSTM,6,JPM
0.0002100203416359,0.0144920785823151,0.0094977802495982,-0.0280146329107158,0.4761904761904761,GRU,6,JPM
0.0002078783357749,0.0144179865367846,0.0094441461905039,-0.0175298705689725,0.4761904761904761,Transformer,6,JPM
0.0002075302914886,0.014405911685438,0.0094742562232149,-0.0158262516890459,0.4603174603174603,Stacked_Ensemble,6,JPM
0.0001971014624878,0.0140392828338157,0.0113294003819728,-0.9591060467400871,0.5238095238095238,Naive,7,JPM
0.0001324117232548,0.0115070292975592,0.0088605805469011,-0.3161171125449453,0.5079365079365079,Ridge_Regression,7,JPM
0.000101479531775,0.0100737049676417,0.007545671657019,-0.0086640748957578,0.6031746031746031,Random_Forest,7,JPM
0.0001059662776989,0.0102939923110006,0.0079323042066078,-0.0532604515976389,0.492063492063492,XGBoost,7,JPM
0.0001235554917968,0.0111155517990264,0.0081289782417053,-0.2280898783388143,0.492063492063492,LSTM,7,JPM
0.0001049361478563,0.0102438346265603,0.0077244194283695,-0.0430213920892279,0.4444444444444444,GRU,7,JPM
0.000101137504023,0.0100567143751354,0.0075644862362183,-0.0052644621851123,0.5555555555555556,Transformer,7,JPM
0.0001016622719036,0.0100827710429068,0.0076333818271107,-0.010480435294039,0.5714285714285714,Stacked_Ensemble,7,JPM
0.0001790199889842,0.013379835162822,0.0100120043220031,-0.842891343692074,0.5238095238095238,Naive,8,JPM
0.0001233632772001,0.0111069022324034,0.0089379370745213,-0.2699426302703474,0.492063492063492,Ridge_Regression,8,JPM
9.948018649273073e-05,0.0099739754608045,0.0077816207458103,-0.0240821463373825,0.6190476190476191,Random_Forest,8,JPM
0.0001210046187175,0.0110002099397029,0.0089192225559602,-0.2456618148986742,0.3968253968253968,XGBoost,8,JPM
0.0001009013038248,0.0100449641027172,0.0078938816424462,-0.0387116010962798,0.5238095238095238,LSTM,8,JPM
0.0001043826772329,0.0102167840944691,0.0081413040753901,-0.0745500175456659,0.4603174603174603,GRU,8,JPM
0.0001261485096727,0.011231585358833,0.0090873529510482,-0.2986147402565939,0.3809523809523809,Transformer,8,JPM
0.0001036822115196,0.0101824462443783,0.0080231569426612,-0.0673391903805149,0.4285714285714285,Stacked_Ensemble,8,JPM
0.0001389558734488,0.0117879545913975,0.0091113306396614,-1.2089845434389064,0.4603174603174603,Naive,9,JPM
8.811662608621294e-05,0.009387045652718,0.0072459636199788,-0.4007919220203273,0.4761904761904761,Ridge_Regression,9,JPM
0.0001171202324046,0.0108222101441718,0.0086567631361131,-0.8618628826869943,0.3809523809523809,Random_Forest,9,JPM
0.0001136608793932,0.0106611856466941,0.0085002987634437,-0.8068694726016348,0.365079365079365,XGBoost,9,JPM
6.916787646633741e-05,0.0083167226998582,0.0067951835292077,-0.0995632370507331,0.6349206349206349,LSTM,9,JPM
0.0001132607885083,0.0106424052031658,0.0086524649788053,-0.8005092190996212,0.365079365079365,GRU,9,JPM
6.188692919838376e-05,0.0078668245943572,0.0061630160813908,0.0161821400773778,0.6349206349206349,Transformer,9,JPM
8.062636176130724e-05,0.0089792183268538,0.0073887698307987,-0.2817190270837997,0.3968253968253968,Stacked_Ensemble,9,JPM
0.0004176030086931,0.0204353372542067,0.0139101563663828,-0.9930402780614748,0.5714285714285714,Naive,10,JPM
0.0002465194623489,0.0157009382633303,0.0114591631975901,-0.1765317958914325,0.4444444444444444,Ridge_Regression,10,JPM
0.0002173922298198,0.0147442269997392,0.0101685582683418,-0.0375199918324302,0.5396825396825397,Random_Forest,10,JPM
0.0002287288279059,0.0151237835182181,0.0104206919812103,-0.0916247184062934,0.5079365079365079,XGBoost,10,JPM
0.0002106781460375,0.0145147561480557,0.0098281862991315,-0.0054765459523038,0.4761904761904761,LSTM,10,JPM
0.0002095337722307,0.0144752814214681,0.009724221933696,-1.493997084933696e-05,0.5238095238095238,GRU,10,JPM
0.0002111188881618,0.0145299307693406,0.0098258100145333,-0.0075800193174382,0.4761904761904761,Transformer,10,JPM
0.0002131810200794,0.0146007198479874,0.00991582106615,-0.017421691635086,0.5079365079365079,Stacked_Ensemble,10,JPM
0.0004530455627368,0.0212848669889392,0.0149965161246465,-0.99347525646665,0.6190476190476191,Naive,11,JPM
0.0002641394477743,0.01625236745137,0.012657845030179,-0.16225716948651,0.5555555555555556,Ridge_Regression,11,JPM
0.0002411651507693,0.015529492933426,0.0117380347524317,-0.0611664704902243,0.4444444444444444,Random_Forest,11,JPM
0.0003008055983761,0.0173437481063398,0.0128967886977161,-0.3235942843079018,0.3968253968253968,XGBoost,11,JPM
0.0002279579512681,0.0150982764336923,0.0111197748740233,-0.0030526126837611,0.6349206349206349,LSTM,11,JPM
0.0002276749782082,0.0150889024852122,0.0110794967908619,-0.0018074845120115,0.6349206349206349,GRU,11,JPM
0.0002335853962915,0.0152835007865191,0.0104971946608621,-0.02781429966153,0.5873015873015873,Transformer,11,JPM
0.0002399208012658,0.0154893770457645,0.0115250439204493,-0.055691127280643,0.4444444444444444,Stacked_Ensemble,11,JPM
0.0008716504315417,0.029523726586285,0.0172348061651117,-1.479051841680001,0.4603174603174603,Naive,12,JPM
0.0003764045254753,0.0194011475298596,0.0124316063905547,-0.070528159374603,0.5396825396825397,Ridge_Regression,12,JPM
0.0003516568083529,0.0187525147207762,0.0104501732451259,-0.000143436910496,0.5714285714285714,Random_Forest,12,JPM
0.0003572388639976,0.018900763582397,0.011023246034485,-0.0160193027687469,0.6190476190476191,XGBoost,12,JPM
0.0003531904643076,0.0187933622406325,0.0106010239644836,-0.0045052917107959,0.5079365079365079,LSTM,12,JPM
0.0003548429639187,0.0188372759155537,0.0106074578428826,-0.0092051485065445,0.5079365079365079,GRU,12,JPM
0.0003484662857267,0.0186672516918471,0.0105248872299572,0.0089306949961641,0.5079365079365079,Transformer,12,JPM
0.0003504048446192,0.0187191037344009,0.0104964418099957,0.0034172600011918,0.5873015873015873,Stacked_Ensemble,12,JPM
0.0003314729876793,0.0182063996352747,0.0144683867256526,-0.4833328701825894,0.6031746031746031,Naive,13,JPM
0.0002329295336732,0.0152620291466526,0.0114722162435537,-0.042353514694595,0.5238095238095238,Ridge_Regression,13,JPM
0.0040608752871774,0.0637249973493719,0.0607311620408958,-17.172309717767295,0.5714285714285714,Random_Forest,13,JPM
0.0002985642002016,0.0172790103941641,0.0133389905535989,-0.336066914892299,0.5714285714285714,XGBoost,13,JPM
0.0002236089268983,0.0149535590044086,0.0110136436036568,-0.0006440454068747,0.5714285714285714,LSTM,13,JPM
0.000223418897176,0.0149472036574073,0.0110123227554153,0.0002063325844043,0.5714285714285714,GRU,13,JPM
0.000244099981716,0.0156236993607793,0.0112726919150548,-0.092340974826627,0.5714285714285714,Transformer,13,JPM
0.0002966080875772,0.0172223136534326,0.0130073036610446,-0.3273133625322884,0.5714285714285714,Stacked_Ensemble,13,JPM
0.0008388897186134,0.0289635929852189,0.0187528495713172,-0.9066661947667808,0.4444444444444444,Naive,14,JPM
0.0006056024933851,0.0246089921245294,0.017199661417735,-0.3764405213029398,0.3809523809523809,Ridge_Regression,14,JPM
0.000500253025369,0.0223663368786463,0.0154105972209367,-0.1369975231995801,0.365079365079365,Random_Forest,14,JPM
0.0005784787526969,0.0240515852429101,0.0168506896438185,-0.3147924663819095,0.4285714285714285,XGBoost,14,JPM
0.000441049963479,0.0210011895729518,0.0134399999146308,-0.0024381476013315,0.6031746031746031,LSTM,14,JPM
0.0004471528485625,0.0211459889473766,0.0134902377715248,-0.016309058665207,0.5873015873015873,GRU,14,JPM
0.0005280556574336,0.0229794616436858,0.0163321406292406,-0.2001885929037208,0.4444444444444444,Transformer,14,JPM
0.0004774094309717,0.0218497009355224,0.0144648342653816,-0.0850775768253033,0.4126984126984127,Stacked_Ensemble,14,JPM
0.0002676191681814,0.0163590699057569,0.0133847750125936,-1.3304855979821522,0.4603174603174603,Naive,15,JPM
0.0001361265834489,0.011667329748016,0.0084245827759648,-0.1854197305298652,0.5714285714285714,Ridge_Regression,15,JPM
0.000237428829541,0.0154087257598115,0.0131677079568335,-1.0675815994469553,0.3968253968253968,Random_Forest,15,JPM
0.0001435150323091,0.0119797759707397,0.009618871081169,-0.2497599411996334,0.4444444444444444,XGBoost,15,JPM
0.0001148340940005,0.0107160670957469,0.0079699158707417,-1.2721126219084058e-07,0.6031746031746031,LSTM,15,JPM
0.0001166548041754,0.0108006853567482,0.0081720680897317,-0.0158552652030476,0.6031746031746031,GRU,15,JPM
0.0001493393185235,0.012220446739934,0.0097451233010006,-0.3004790852487686,0.4126984126984127,Transformer,15,JPM
0.0001244112164426,0.0111539776063351,0.0086647844628436,-0.0833997808049626,0.3968253968253968,Stacked_Ensemble,15,JPM
0.0004257972895726,0.0206348561800827,0.0150309024499436,-1.127552775537973,0.5555555555555556,Naive,16,JPM
0.0002017396405386,0.0142035080363499,0.0107997917286264,-0.0080189392346301,0.6507936507936508,Ridge_Regression,16,JPM
0.000219946042379,0.0148305779516186,0.0111204358051868,-0.0989896469320266,0.5238095238095238,Random_Forest,16,JPM
0.0001997335652742,0.0141327125943421,0.0106526667741059,0.0020046825712964,0.5396825396825397,XGBoost,16,JPM
0.0002001801103128,0.0141485020519067,0.0109217241426361,-0.0002265390907343,0.5396825396825397,LSTM,16,JPM
0.0002028331551397,0.0142419505384525,0.0110725653575522,-0.0134828303433276,0.4603174603174603,GRU,16,JPM
0.0003760726425645,0.0193925924663145,0.0149343271867283,-0.8790969648845695,0.5396825396825397,Transformer,16,JPM
0.000192717773483,0.0138822827187425,0.0105019365673618,0.0370600191444797,0.5396825396825397,Stacked_Ensemble,16,JPM
0.0004382442540694,0.0209342841785775,0.0168147931562995,-0.8279770994750426,0.5079365079365079,Naive,17,JPM
0.0002667774398268,0.0163333229878921,0.0126261266523838,-0.1127654182151769,0.5555555555555556,Ridge_Regression,17,JPM
0.0002485446605049,0.0157652992519954,0.011669171449474,-0.0367139862782837,0.492063492063492,Random_Forest,17,JPM
0.0002444775199987,0.0156357769234127,0.0118003665612915,-0.0197493834643882,0.5714285714285714,XGBoost,17,JPM
0.0002431767681608,0.0155941260787783,0.011655432419842,-0.0143237685254951,0.5396825396825397,LSTM,17,JPM
0.0002701304976851,0.0164356471635634,0.0122256617347428,-0.126751484025184,0.4603174603174603,GRU,17,JPM
0.0002532225569882,0.0159129682016969,0.0117661629236212,-0.0562261363308886,0.4603174603174603,Transformer,17,JPM
0.0002448562960356,0.0156478847144169,0.0116748735268211,-0.0213293104456473,0.492063492063492,Stacked_Ensemble,17,JPM
0.000480345403812,0.0219167836101013,0.0192397378250567,-1.32608255913936,0.3809523809523809,Naive,18,JPM
0.0002835775112122,0.0168397598323805,0.0135946415120678,-0.373229966936744,0.3333333333333333,Ridge_Regression,18,JPM
0.0002126555471917,0.0145827139858021,0.0113100431941443,-0.0297888883734811,0.5714285714285714,Random_Forest,18,JPM
0.000227050106518,0.0150681819247728,0.0117482601186038,-0.0994948398196284,0.4603174603174603,XGBoost,18,JPM
0.0002038492492348,0.0142775785494204,0.0111102047571497,0.0128557917367706,0.5555555555555556,LSTM,18,JPM
0.000206096010987,0.0143560444059994,0.0112328419384731,0.001975801453194,0.5555555555555556,GRU,18,JPM
0.0002107097219431,0.0145158438247018,0.0113479175888981,-0.0203661893366517,0.5555555555555556,Transformer,18,JPM
0.0002160927740552,0.0147000943553166,0.011453002605341,-0.0464337305964883,0.492063492063492,Stacked_Ensemble,18,JPM
0.0001253386054809,0.011195472543887,0.0088995070807217,-0.0154740093387641,0.6190476190476191,Naive,0,WMT
0.0001296890155182,0.0113881085136317,0.008624000712977,-0.0507203590641087,0.5873015873015873,Ridge_Regression,0,WMT
0.0001323138682692,0.0115027765460874,0.009652370783454,-0.0719865103566133,0.4444444444444444,Random_Forest,0,WMT
0.000121760244524,0.011034502459288,0.0086093673892321,0.0135173180644514,0.5555555555555556,XGBoost,0,WMT
0.0001237790815231,0.0111256047711194,0.0090240713917055,-0.0028389872720626,0.5238095238095238,LSTM,0,WMT
0.0001267083793445,0.0112564816592282,0.0090399680002167,-0.0265717054702359,0.5238095238095238,GRU,0,WMT
0.0001373585835675,0.0117200078313776,0.0091823026848207,-0.1128580139952106,0.492063492063492,Transformer,0,WMT
0.0001216047506572,0.0110274544051315,0.0088890659595703,0.0147771053400477,0.6666666666666666,Stacked_Ensemble,0,WMT
0.0002787925731714,0.0166970827742894,0.0129989952446525,-1.0678280386159904,0.4285714285714285,Naive,1,WMT
0.0001373867218461,0.0117212082076114,0.0094980929075311,-0.0190089080756428,0.4761904761904761,Ridge_Regression,1,WMT
0.0001368115969217,0.0116966489612084,0.0090668333129618,-0.014743157984338,0.4126984126984127,Random_Forest,1,WMT
0.0001295867301828,0.011383616744376,0.008885388712886,0.0388442882234545,0.5396825396825397,XGBoost,1,WMT
0.0001351718381175,0.0116263424221679,0.0089427352239416,-0.0025809285770319,0.492063492063492,LSTM,1,WMT
0.0001349894138056,0.0116184944724215,0.0088758557834935,-0.0012278720640717,0.492063492063492,GRU,1,WMT
0.0001381311692439,0.0117529217322295,0.0087586657593121,-0.0245305372381572,0.5714285714285714,Transformer,1,WMT
0.0001329873036149,0.0115320121234316,0.0088244778446661,0.0136219481505116,0.4761904761904761,Stacked_Ensemble,1,WMT
0.000671395423212,0.0259112991417258,0.0189415708533289,-0.374253648412268,0.5079365079365079,Naive,2,WMT
0.0005651778020931,0.0237734684489479,0.0157560505472905,-0.156840856633075,0.3809523809523809,Ridge_Regression,2,WMT
0.000475760377587,0.0218119320003305,0.0139650021842843,0.026184254368177,0.5555555555555556,Random_Forest,2,WMT
0.0005070849690377,0.0225185472230727,0.0144591379664099,-0.037932855456946,0.3968253968253968,XGBoost,2,WMT
0.0005059857313922,0.0224941265976763,0.013875975073629,-0.0356828679048579,0.5396825396825397,LSTM,2,WMT
0.0005050119697382,0.0224724713758459,0.0140008252749343,-0.033689712367104,0.5238095238095238,GRU,2,WMT
0.0005623239287327,0.0237133702525122,0.015733741303271,-0.1509993722528899,0.4603174603174603,Transformer,2,WMT
0.0004984970413757,0.0223270473053581,0.0139559401420648,-0.020354554333861,0.4603174603174603,Stacked_Ensemble,2,WMT
0.0006535892641115,0.0255653919217287,0.0164344992253987,-1.1696823621975496,0.6349206349206349,Naive,3,WMT
0.0003357534751709,0.0183235770299071,0.0124060246242596,-0.1145813328423011,0.5396825396825397,Ridge_Regression,3,WMT
0.0003382365938825,0.0183912096905712,0.0121861810037246,-0.1228243979715542,0.5714285714285714,Random_Forest,3,WMT
0.0003254866619798,0.0180412489029957,0.0121354276985069,-0.0804991887193029,0.492063492063492,XGBoost,3,WMT
0.0003026376976993,0.01739648521108,0.0112417619276806,-0.0046488075761681,0.6190476190476191,LSTM,3,WMT
0.0003053599508865,0.0174745515217567,0.0114645718684272,-0.013685713550662,0.4126984126984127,GRU,3,WMT
0.0005137408739483,0.0226658525969868,0.0179573028972989,-0.7054357746539446,0.365079365079365,Transformer,3,WMT
0.0003032101659867,0.0174129309993116,0.0111816087254152,-0.006549197338411,0.5396825396825397,Stacked_Ensemble,3,WMT
0.0005047163318842,0.0224658926349299,0.0162027612871702,-1.3277670237421146,0.4761904761904761,Naive,4,WMT
0.0002302712936659,0.0151746925394191,0.0112984967721992,-0.062018187342723,0.5396825396825397,Ridge_Regression,4,WMT
0.0002149691875601,0.0146618275654902,0.0105710625247751,0.0085555899189668,0.6031746031746031,Random_Forest,4,WMT
0.0002183977390914,0.0147782860674521,0.0107972117772324,-0.0072569936840247,0.5079365079365079,XGBoost,4,WMT
0.0002165539593196,0.0147157724676491,0.0107135958455268,0.0012465745200819,0.5238095238095238,LSTM,4,WMT
0.0002162017088084,0.0147037991284041,0.0107025269671078,0.002871164556471,0.5238095238095238,GRU,4,WMT
0.0002090885014613,0.0144598928578788,0.0103506153466642,0.0356774924869639,0.6190476190476191,Transformer,4,WMT
0.0002160196887071,0.014697608264856,0.0107101233859557,0.003710646781793,0.5396825396825397,Stacked_Ensemble,4,WMT
0.0001991277269004,0.0141112624134216,0.0116039607963569,-0.98061160148337,0.4126984126984127,Naive,5,WMT
0.0001045791618639,0.0102263953504602,0.0083722862013644,-0.0401901557618404,0.5396825396825397,Ridge_Regression,5,WMT
0.0001211269094201,0.0110057670982162,0.0087913148798484,-0.2047813018493869,0.5396825396825397,Random_Forest,5,WMT
0.0001815428551661,0.0134737839958261,0.0099154908844038,-0.8057047639996082,0.5555555555555556,XGBoost,5,WMT
0.0001019814545201,0.0100985867585611,0.008339541884588,-0.0143522205715285,0.492063492063492,LSTM,5,WMT
0.0001013828018286,0.0100689027122453,0.0082236539938448,-0.0083977586563097,0.5079365079365079,GRU,5,WMT
0.0001010127924852,0.0100505120508988,0.0082496564708257,-0.0047174836408638,0.5079365079365079,Transformer,5,WMT
0.0001013849448065,0.0100690091273434,0.0083812740580291,-0.0084190736529019,0.5079365079365079,Stacked_Ensemble,5,WMT
8.213448727222608e-05,0.0090628079132367,0.0070814168277352,-0.5904583885112864,0.5714285714285714,Naive,6,WMT
7.995983725772059e-05,0.0089420264625933,0.0076215155699672,-0.5483483020845825,0.3968253968253968,Ridge_Regression,6,WMT
0.000570449198097,0.0238840783388649,0.0172723721947484,-10.046221172914844,0.4444444444444444,Random_Forest,6,WMT
9.991298458254352e-05,0.0099956482822548,0.0084563151170064,-0.9347225474705064,0.3968253968253968,XGBoost,6,WMT
5.5227092700472513e-05,0.0074314933021884,0.0062474892242067,-0.0694215764375869,0.3968253968253968,LSTM,6,WMT
5.2830733636856974e-05,0.0072684753309657,0.0060702206293633,-0.0230182993101581,0.6031746031746031,GRU,6,WMT
5.75530355345338e-05,0.0075863716976255,0.0062714487077884,-0.1144613084002339,0.5079365079365079,Transformer,6,WMT
6.183156439804128e-05,0.0078633049284662,0.0066953173777041,-0.1973110630824452,0.4444444444444444,Stacked_Ensemble,6,WMT
0.0001289932778392,0.0113575207611211,0.0083990257492259,-1.210470889323679,0.4444444444444444,Naive,7,WMT
7.148335938031128e-05,0.0084547832249154,0.0064132566701959,-0.2249621656881542,0.5555555555555556,Ridge_Regression,7,WMT
0.0029727937444909,0.054523332111042,0.0494604250619645,-49.942763392271054,0.4126984126984127,Random_Forest,7,WMT
0.0010857698701724,0.0329510222932836,0.028807353941755,-17.6061066958159,0.4285714285714285,XGBoost,7,WMT
6.465512143921227e-05,0.0080408408415545,0.0060850760993806,-0.1079512528173403,0.4444444444444444,LSTM,7,WMT
6.279635862299782e-05,0.0079244153489704,0.0059555864744262,-0.0760988868318968,0.5555555555555556,GRU,7,WMT
5.917241498013954e-05,0.0076923608196794,0.0056763280319768,-0.0139978063626682,0.5555555555555556,Transformer,7,WMT
0.0001277999344975,0.0113048633117572,0.0094320803640822,-1.1900213685256529,0.4126984126984127,Stacked_Ensemble,7,WMT
0.000396645402993,0.0199159585004845,0.0125218882038537,-1.1495116978546664,0.5238095238095238,Naive,8,WMT
0.0001972123602656,0.0140432318312309,0.0087989307021992,-0.0687386571327601,0.5396825396825397,Ridge_Regression,8,WMT
0.0001708592296383,0.0130713132331197,0.0084819101950438,0.0740749545495349,0.4126984126984127,Random_Forest,8,WMT
0.0001818089905967,0.0134836564253456,0.0085409424989265,0.0147357082321454,0.5238095238095238,XGBoost,8,WMT
0.0001853709631883,0.0136151005574073,0.0083045906213265,-0.0045674317896455,0.5396825396825397,LSTM,8,WMT
0.0001856804089951,0.0136264598849147,0.0082871058678304,-0.0062443890333514,0.5396825396825397,GRU,8,WMT
0.000194858857897,0.013959185431001,0.008386314191116,-0.0559844922436323,0.5396825396825397,Transformer,8,WMT
0.0001831647548866,0.0135338374043239,0.0082464997663053,0.0073885130328306,0.6031746031746031,Stacked_Ensemble,8,WMT
0.000162260723035,0.0127381601118453,0.0098999149774569,-1.3329087355994504,0.4603174603174603,Naive,9,WMT
0.0001284071469427,0.0113316877358467,0.009203314549557,-0.8461778624731682,0.365079365079365,Ridge_Regression,9,WMT
0.0001446775683869,0.0120281988837479,0.0094280581447554,-1.0801063672228683,0.365079365079365,Random_Forest,9,WMT
0.0001496446410336,0.0122329326424048,0.0095501039141701,-1.1515206130792448,0.4444444444444444,XGBoost,9,WMT
7.347636384245841e-05,0.0085718355001982,0.0065249848382421,-0.0564087714016441,0.6190476190476191,LSTM,9,WMT
7.938895739818716e-05,0.0089100481142464,0.0067254004237002,-0.1414172743727091,0.3809523809523809,GRU,9,WMT
7.091666472591138e-05,0.0084212032825429,0.006491708612723,-0.0196066154774996,0.6190476190476191,Transformer,9,WMT
8.453207413927439e-05,0.0091941325930875,0.0070119871411403,-0.2153625998283435,0.4126984126984127,Stacked_Ensemble,9,WMT
0.0002823603028324,0.0168035800599891,0.0117414521370149,-1.1193008540034102,0.5079365079365079,Naive,10,WMT
0.0001630459247904,0.0127689437617372,0.008249844898679,-0.2237675203766662,0.4285714285714285,Ridge_Regression,10,WMT
0.0015430023183871,0.0392810681930508,0.0347324320757737,-10.581253095012146,0.4126984126984127,Random_Forest,10,WMT
0.0004793888105634,0.0218949494304843,0.0158562238296076,-2.59813013881647,0.4444444444444444,XGBoost,10,WMT
0.000136856744566,0.0116985787412841,0.0072779588387036,-0.0272003986587121,0.5555555555555556,LSTM,10,WMT
0.0001350653421293,0.0116217615759969,0.0072341614654168,-0.013754738359121,0.5555555555555556,GRU,10,WMT
0.0001458552059021,0.0120770528649215,0.0075705746023266,-0.0947398034651971,0.492063492063492,Transformer,10,WMT
0.0001703371097832,0.0130513259779689,0.0088615958111964,-0.278492686864038,0.4285714285714285,Stacked_Ensemble,10,WMT
0.0003088250727308,0.0175734194945347,0.0123863779536671,-1.0258069798004508,0.5555555555555556,Naive,11,WMT
0.0001453222198646,0.0120549666057028,0.0083581694746576,0.0467264697178333,0.6349206349206349,Ridge_Regression,11,WMT
0.0006081038167499,0.0246597610846088,0.0208056165753322,-2.9889926861245715,0.5396825396825397,Random_Forest,11,WMT
0.0001541460691208,0.0124155575436982,0.0087463241916057,-0.0111555385465638,0.5238095238095238,XGBoost,11,WMT
0.0001548853717355,0.0124452951646614,0.0085031540062894,-0.0160051590249972,0.5714285714285714,LSTM,11,WMT
0.0001529665576314,0.0123679649753504,0.0084692684192264,-0.0034182697204716,0.5714285714285714,GRU,11,WMT
0.000154953623957,0.0124480369519483,0.0085087848952951,-0.0164528747027723,0.5714285714285714,Transformer,11,WMT
0.0001485241772851,0.012187049572605,0.0083661211995641,0.0257225154917203,0.5396825396825397,Stacked_Ensemble,11,WMT
0.0002364114586747,0.0153756775029505,0.0123971263811515,-1.180295832523235,0.5238095238095238,Naive,12,WMT
0.000118447098134,0.0108833403941076,0.0085792433609115,-0.092373930958105,0.5714285714285714,Ridge_Regression,12,WMT
0.0001769045945404,0.013300548655618,0.010689890745711,-0.6314960044362536,0.6349206349206349,Random_Forest,12,WMT
0.0001259450152028,0.011222522675534,0.0088046267789,-0.1615231905983984,0.5714285714285714,XGBoost,12,WMT
0.0001105046503147,0.0105121192114015,0.0085469006917208,-0.0191250031035798,0.6190476190476191,LSTM,12,WMT
0.0001108494580641,0.0105285069247323,0.0085717935249821,-0.0223049796719563,0.6190476190476191,GRU,12,WMT
0.0001144939350233,0.0107001838780156,0.0081142497040721,-0.0559160320737144,0.6190476190476191,Transformer,12,WMT
0.0001091125818199,0.0104456968087301,0.0084265298335502,-0.0062867034931552,0.5873015873015873,Stacked_Ensemble,12,WMT
0.000594473226091,0.0243818216319268,0.0190985408233772,-0.8560438210893837,0.4761904761904761,Naive,13,WMT
0.000402738921774,0.0200683562299959,0.0150066279297944,-0.2574175832711436,0.5079365079365079,Ridge_Regression,13,WMT
0.0003229690500596,0.0179713396846105,0.0132956306540951,-0.0083628386562111,0.5396825396825397,Random_Forest,13,WMT
0.0003397635677234,0.0184326766293847,0.013616697169794,-0.0607981029709006,0.4761904761904761,XGBoost,13,WMT
0.0003287278659178,0.0181308539765175,0.0135368909627043,-0.0263428150810307,0.5238095238095238,LSTM,13,WMT
0.0003212960517626,0.0179247329621026,0.0135947973171122,-0.0031394610245558,0.4761904761904761,GRU,13,WMT
0.0003472639098073,0.0186350183742159,0.0136772753886201,-0.0842154125651681,0.5238095238095238,Transformer,13,WMT
0.0003264518409578,0.0180679783306774,0.0135255343566919,-0.019236688382304,0.5238095238095238,Stacked_Ensemble,13,WMT
0.0006330592381503,0.025160668475824,0.0164965261369118,-0.9865498441143548,0.5714285714285714,Naive,14,WMT
0.0003750402175851,0.0193659551167808,0.0140029743032861,-0.1768821002553851,0.5396825396825397,Ridge_Regression,14,WMT
0.0004624824131122,0.0215054042768842,0.0155743166456589,-0.4512770848398362,0.4603174603174603,Random_Forest,14,WMT
0.0003438392513142,0.0185429029904764,0.0122995073006079,-0.0789729774648029,0.5396825396825397,XGBoost,14,WMT
0.0003172717421972,0.0178121234612066,0.011931234463234,0.0043962839158395,0.5079365079365079,LSTM,14,WMT
0.0003232280534086,0.0179785442516521,0.0117971454227854,-0.0142947143278113,0.492063492063492,GRU,14,WMT
0.0003194756774009,0.0178738825497142,0.011785571415567,-0.0025196994100846,0.5079365079365079,Transformer,14,WMT
0.0003214669620949,0.0179294997725809,0.0117854523651608,-0.0087683820926325,0.4761904761904761,Stacked_Ensemble,14,WMT
0.0002971410980679,0.0172377811236829,0.0123569465431535,-1.050070964983882,0.5396825396825397,Naive,15,WMT
0.0001553465809207,0.0124638108506489,0.0091440959462481,-0.0717854821357544,0.4761904761904761,Ridge_Regression,15,WMT
0.000152665530548,0.0123557893534989,0.0085416117698452,-0.0532880626925944,0.5238095238095238,Random_Forest,15,WMT
0.0002003464555428,0.0141543793768178,0.0109280674241966,-0.3822539329511125,0.4603174603174603,XGBoost,15,WMT
0.0001444414668332,0.0120183803747966,0.0083254596998871,0.0034523691944541,0.5714285714285714,LSTM,15,WMT
0.0001449455186751,0.0120393321523741,0.00833995757346,-2.524481664178957e-05,0.5714285714285714,GRU,15,WMT
0.0006864862360078,0.0262008823517041,0.0233148496916957,-3.736286933888498,0.4285714285714285,Transformer,15,WMT
0.0001467596757512,0.0121144407939948,0.0084531503903759,-0.0125416916213567,0.4761904761904761,Stacked_Ensemble,15,WMT
0.0004249799630841,0.0206150421557693,0.0138041696513449,-1.0358200714958523,0.5396825396825397,Naive,16,WMT
0.0002160917747852,0.0147000603667205,0.0101356156936526,-0.0351640326765756,0.5079365079365079,Ridge_Regression,16,WMT
0.0001915790776989,0.013841209401599,0.0094912162474357,0.0822613639766175,0.6031746031746031,Random_Forest,16,WMT
0.0002324180133617,0.0152452619971517,0.0106373170556496,-0.1133730944521098,0.4603174603174603,XGBoost,16,WMT
0.0002087621053963,0.0144486021952402,0.0102089087178877,-5.205245257755564e-05,0.492063492063492,LSTM,16,WMT
0.0002092793082043,0.014466489145757,0.0101422548915083,-0.0025296559845875,0.492063492063492,GRU,16,WMT
0.0002119380754982,0.0145580931271312,0.0105144614408787,-0.015266190156975,0.492063492063492,Transformer,16,WMT
0.0002095849998316,0.0144770507988206,0.0101298001884288,-0.0039940383194243,0.4126984126984127,Stacked_Ensemble,16,WMT
0.000410162266233,0.0202524632139661,0.0160743377082683,-0.6565037738056101,0.5238095238095238,Naive,17,WMT
0.0002756535537416,0.0166028176446544,0.0123016154572476,-0.1132695267889918,0.5714285714285714,Ridge_Regression,17,WMT
0.0004257461881947,0.0206336179133653,0.0162376001468464,-0.7194418538423946,0.5079365079365079,Random_Forest,17,WMT
0.0002941981065585,0.017152204131206,0.0131991757226153,-0.188164572612876,0.4603174603174603,XGBoost,17,WMT
0.000247607557143,0.0157355507416511,0.0122000431942874,-1.4301589688070493e-06,0.5079365079365079,LSTM,17,WMT
0.0002475163768848,0.0157326532055092,0.0121989668219175,0.0003668154217053,0.5079365079365079,GRU,17,WMT
0.0002483370554031,0.0157587136341496,0.0122075149410541,-0.0029476217525183,0.4603174603174603,Transformer,17,WMT
0.0002529658136465,0.01590489904547,0.012276366082397,-0.0216415780950862,0.492063492063492,Stacked_Ensemble,17,WMT
0.0005381317292836,0.0231976664620309,0.0171894811801626,-0.8129846141965553,0.5079365079365079,Naive,18,WMT
0.0003500429599069,0.0187094350504487,0.0139326245105126,-0.1793069727814686,0.5238095238095238,Ridge_Regression,18,WMT
0.0003254983753075,0.0180415735263743,0.0128294142759495,-0.0966154089523427,0.3809523809523809,Random_Forest,18,WMT
0.0003173812941981,0.0178151984046805,0.0125978802046815,-0.0692686788437348,0.4603174603174603,XGBoost,18,WMT
0.000301173561152,0.017354352801303,0.0120279754510101,-0.014664259434028,0.5238095238095238,LSTM,18,WMT
0.0003072213957292,0.0175277321901387,0.0120309053555237,-0.0350396256146112,0.5238095238095238,GRU,18,WMT
0.0003939479394452,0.0198481218115288,0.0142459843364676,-0.3272243841847406,0.5238095238095238,Transformer,18,WMT
0.0003022913199935,0.0173865269675566,0.0120837612842214,-0.0184300280585352,0.4603174603174603,Stacked_Ensemble,18,WMT
0.000209772540285,0.0144835265141136,0.0113276624163642,-1.189679290838468,0.4603174603174603,Naive,0,JNJ
0.0001150312919523,0.010725264190328,0.0086177531405108,-0.2007369384199115,0.4285714285714285,Ridge_Regression,0,JNJ
9.693295516369925e-05,0.009845453527578,0.0077869440669982,-0.0118201564099986,0.5555555555555556,Random_Forest,0,JNJ
0.0001099213562726,0.0104843386187501,0.0084953012948519,-0.1473976390044959,0.4603174603174603,XGBoost,0,JNJ
9.77880334173396e-05,0.0098887832121722,0.0077338802818072,-0.0207457628859393,0.492063492063492,LSTM,0,JNJ
0.0001198307899007,0.0109467250765121,0.0086734583301624,-0.2508357800021599,0.5079365079365079,GRU,0,JNJ
9.786572602807634e-05,0.0098927107522698,0.0078216768103647,-0.0215567455843908,0.4603174603174603,Transformer,0,JNJ
9.671440430840896e-05,0.009834348189301,0.0078018353472955,-0.0095388459907514,0.5079365079365079,Stacked_Ensemble,0,JNJ
0.0003124440837671,0.0176760879090123,0.0121420816327066,-1.376906290175866,0.5396825396825397,Naive,1,JNJ
0.000140110108376,0.0118368115798156,0.0090871803184165,-0.0658822337134785,0.492063492063492,Ridge_Regression,1,JNJ
0.0001272490262128,0.0112804710102374,0.0083689149679834,0.0319579517165681,0.5873015873015873,Random_Forest,1,JNJ
0.0001351935011546,0.0116272740207964,0.0088517243967692,-0.0284793343213916,0.5079365079365079,XGBoost,1,JNJ
0.000151932174976,0.0123260770310757,0.0088465003448797,-0.1558181484074492,0.5396825396825397,LSTM,1,JNJ
0.0001339639185492,0.0115742783165614,0.0085297105572727,-0.0191253321780875,0.5396825396825397,GRU,1,JNJ
0.0001309147164043,0.0114417969045245,0.008557887118347,0.0040713552761746,0.4285714285714285,Transformer,1,JNJ
0.0001309109424259,0.0114416319826296,0.0085600266828486,0.0041000656713746,0.5079365079365079,Stacked_Ensemble,1,JNJ
0.0002566631368681,0.0160207096243639,0.0131823078718398,-1.0587851442091107,0.4285714285714285,Naive,2,JNJ
0.0001581883204659,0.0125772938450981,0.0100698568644716,-0.2688840639001961,0.4444444444444444,Ridge_Regression,2,JNJ
0.0001318064275217,0.0114806980415703,0.0092788990343307,-0.0572656369907431,0.4444444444444444,Random_Forest,2,JNJ
0.0001501261970703,0.0122525996045896,0.0098572488531079,-0.204214941251428,0.4285714285714285,XGBoost,2,JNJ
0.0001248226322459,0.0111724049445942,0.0089415401812855,-0.0012461628297957,0.5555555555555556,LSTM,2,JNJ
0.0001246919269024,0.0111665539403356,0.0089080085910137,-0.0001977293738173,0.5714285714285714,GRU,2,JNJ
0.0001418656375627,0.0119107362309299,0.0097777344614365,-0.1379540928700644,0.4285714285714285,Transformer,2,JNJ
0.0001273539348326,0.0112851200628366,0.0091383694246004,-0.0215506297059908,0.4444444444444444,Stacked_Ensemble,2,JNJ
0.0002489435194978,0.0157779440833656,0.011829119139721,-1.048828056105238,0.5396825396825397,Naive,3,JNJ
0.000130879330717,0.0114402504656597,0.008680161424684,-0.0771489263036659,0.5079365079365079,Ridge_Regression,3,JNJ
0.0001247715592698,0.0111701190356168,0.0084361222191738,-0.0268814056768866,0.5079365079365079,Random_Forest,3,JNJ
0.000122270398022,0.0110575945857137,0.0084015540392058,-0.0062966186225397,0.5238095238095238,XGBoost,3,JNJ
0.0001286559830882,0.0113426620811979,0.0086043669395896,-0.0588505708794497,0.492063492063492,LSTM,3,JNJ
0.0001238613736956,0.0111293024801919,0.0083492633449952,-0.0193904947082803,0.5079365079365079,GRU,3,JNJ
0.0001817075008749,0.0134798924652603,0.0106694257403284,-0.4954694404113724,0.5079365079365079,Transformer,3,JNJ
0.0001218763910526,0.0110397640850107,0.0082948610628583,-0.0030539050356912,0.5079365079365079,Stacked_Ensemble,3,JNJ
0.0002048792323093,0.0143136030512697,0.0111560090254866,-1.1445539845382418,0.5555555555555556,Naive,4,JNJ
0.0001066834251972,0.0103287668768973,0.0082242538892928,-0.1166986619982251,0.492063492063492,Ridge_Regression,4,JNJ
9.514765804830168e-05,0.0097543661018182,0.0076304819547745,0.0040508894581279,0.5873015873015873,Random_Forest,4,JNJ
0.000101194619525,0.0100595536444248,0.0079134975889262,-0.0592451078138351,0.5555555555555556,XGBoost,4,JNJ
9.678792464266558e-05,0.0098380854154995,0.0078450686116866,-0.0131184459644946,0.4126984126984127,LSTM,4,JNJ
9.806532654282338e-05,0.0099027938756102,0.0078506133053499,-0.0264895295241216,0.4126984126984127,GRU,4,JNJ
9.526133764156524e-05,0.0097601914756609,0.0076174692416229,0.002860959068668,0.6190476190476191,Transformer,4,JNJ
9.615510740024392e-05,0.0098058710678982,0.0077102569226811,-0.0064944913380395,0.5714285714285714,Stacked_Ensemble,4,JNJ
0.0001972829700272,0.0140457456201967,0.0103036601423939,-1.1442267701449476,0.5555555555555556,Naive,5,JNJ
0.0001192836217665,0.0109217041603646,0.0082958164100031,-0.2964683925646045,0.5555555555555556,Ridge_Regression,5,JNJ
0.0001023385209416,0.0101162503400029,0.0074869256202575,-0.1122956846690867,0.4761904761904761,Random_Forest,5,JNJ
0.0001074539445886,0.0103659994495786,0.0076547772288523,-0.1678941396352227,0.4761904761904761,XGBoost,5,JNJ
9.950216647801912e-05,0.0099750772667693,0.007399249284119,-0.0814679494134251,0.365079365079365,LSTM,5,JNJ
9.400764249027756e-05,0.0096957538381642,0.0071335381473091,-0.021749133227263,0.6031746031746031,GRU,5,JNJ
9.800304149547434e-05,0.0098996485541394,0.0073046747558243,-0.0651742778465322,0.365079365079365,Transformer,5,JNJ
9.925026112292697e-05,0.009962442527961,0.0073792263246916,-0.0787300435219191,0.365079365079365,Stacked_Ensemble,5,JNJ
0.0001783030916086,0.0133530180711571,0.0097012666486535,-1.025062407260664,0.5396825396825397,Naive,6,JNJ
0.0001151877748641,0.0107325567719988,0.0078182825464333,-0.3082354913140466,0.492063492063492,Ridge_Regression,6,JNJ
9.550756413893907e-05,0.009772797150199,0.0067843600637879,-0.084719148736404,0.4126984126984127,Random_Forest,6,JNJ
0.0001054140846733,0.0102671361475999,0.0072738376678101,-0.1972316247681282,0.3968253968253968,XGBoost,6,JNJ
9.154988495615728e-05,0.0095681704079806,0.0063509389390929,-0.0397701393796825,0.5079365079365079,LSTM,6,JNJ
8.92647281881117e-05,0.009448001280065,0.0063944346644081,-0.0138166630607003,0.492063492063492,GRU,6,JNJ
9.790558644406392e-05,0.0098947251828468,0.0068019427711099,-0.1119544859258427,0.492063492063492,Transformer,6,JNJ
9.151412304791806e-05,0.009566301429911,0.006479179491955,-0.0393639765064885,0.3809523809523809,Stacked_Ensemble,6,JNJ
0.0003077314730418,0.0175422767348436,0.0122420805837466,-0.9504069006047672,0.5396825396825397,Naive,7,JNJ
0.0001875543236444,0.0136950474130053,0.0090399284067205,-0.1887222436448481,0.5555555555555556,Ridge_Regression,7,JNJ
0.0001898465304055,0.0137784807001907,0.0088003930358524,-0.203250286032578,0.3809523809523809,Random_Forest,7,JNJ
0.0001634349928548,0.0127841696192913,0.0084385759618166,-0.0358535469687797,0.5714285714285714,XGBoost,7,JNJ
0.0001607503723827,0.0126787370184402,0.008515884450181,-0.0188383803287774,0.5238095238095238,LSTM,7,JNJ
0.000158118172837,0.0125745048744298,0.008255056410642,-0.0021554583417422,0.4761904761904761,GRU,7,JNJ
0.0002372310859743,0.0154023078132585,0.0109128974432858,-0.5035743421000778,0.3809523809523809,Transformer,7,JNJ
0.0001588059072977,0.0126018215864928,0.0082456147488595,-0.0065143301358514,0.5396825396825397,Stacked_Ensemble,7,JNJ
0.0001188077937459,0.0108998987952139,0.0085832560465542,-0.4241004966117663,0.6507936507936508,Naive,8,JNJ
0.0001006112081521,0.0100305138528463,0.0077470461066343,-0.2059854574912081,0.5396825396825397,Ridge_Regression,8,JNJ
8.615993370920124e-05,0.0092822375378569,0.0069909867636005,-0.0327639333639153,0.5238095238095238,Random_Forest,8,JNJ
8.613427262701508e-05,0.0092808551667944,0.0068526228631777,-0.0324563444530137,0.5714285714285714,XGBoost,8,JNJ
8.343289960548132e-05,0.0091341611331025,0.007072531071936,-7.60894191773609e-05,0.4603174603174603,LSTM,8,JNJ
8.359152275305938e-05,0.0091428399719703,0.0071053135496423,-0.0019774402996017,0.4603174603174603,GRU,8,JNJ
8.577746824242868e-05,0.0092616126156533,0.0071795120661258,-0.0281794760316587,0.492063492063492,Transformer,8,JNJ
8.413455145468636e-05,0.0091724888364438,0.0069159179621333,-0.0084865035460361,0.6190476190476191,Stacked_Ensemble,8,JNJ
0.0001041300949641,0.0102044154641115,0.0077311919149182,-1.0222792753076804,0.5555555555555556,Naive,9,JNJ
6.224712533846609e-05,0.0078896847426539,0.0062917680372145,-0.2088827112156068,0.5238095238095238,Ridge_Regression,9,JNJ
5.130416813818747e-05,0.0071626927993728,0.0055558793090449,0.0036371713823186,0.5714285714285714,Random_Forest,9,JNJ
5.6673931773445406e-05,0.007528209068128,0.0058974521304638,-0.1006473941567451,0.4444444444444444,XGBoost,9,JNJ
5.273489208130963e-05,0.0072618793766703,0.0056208555544038,-0.0241484882759883,0.5238095238095238,LSTM,9,JNJ
5.1682959008591456e-05,0.0071890861038515,0.0055664130917741,-0.0037192122564084,0.5238095238095238,GRU,9,JNJ
6.248384287945489e-05,0.0079046722183437,0.006071602646726,-0.2134799314275737,0.4761904761904761,Transformer,9,JNJ
5.170621167786876e-05,0.0071907031421043,0.0056163605465792,-0.004170795357252,0.4444444444444444,Stacked_Ensemble,9,JNJ
0.0002202262632279,0.0148400223459387,0.0100363678896684,-0.8952568743652611,0.6349206349206349,Naive,10,JNJ
0.0001203988570697,0.0109726412986913,0.0078772731367119,-0.0361469071967972,0.5396825396825397,Ridge_Regression,10,JNJ
0.0001210384642642,0.0110017482367242,0.007622490530186,-0.0416513366619115,0.5238095238095238,Random_Forest,10,JNJ
0.000119740668431,0.0109426079355466,0.0076760672293258,-0.0304825666964252,0.6031746031746031,XGBoost,10,JNJ
0.0001179715782879,0.0108614721970814,0.0075103613034728,-0.0152578600426136,0.5714285714285714,LSTM,10,JNJ
0.00011619953396,0.0107795887658145,0.007633904269694,-7.729813354728776e-06,0.4285714285714285,GRU,10,JNJ
0.0001161671784044,0.0107780878825705,0.007660837717465,0.000270720578485,0.4603174603174603,Transformer,10,JNJ
0.0001162265881263,0.0107808435721104,0.0074839719555508,-0.0002405566969205,0.5555555555555556,Stacked_Ensemble,10,JNJ
0.0002235684784409,0.0149522064739945,0.0106137555572483,-0.9616893142447838,0.6031746031746031,Naive,11,JNJ
0.0001274982345689,0.011291511615764,0.0085498090539613,-0.1187262447867703,0.492063492063492,Ridge_Regression,11,JNJ
0.0001169053134702,0.0108122760541082,0.0083094183870947,-0.0257792413860729,0.4444444444444444,Random_Forest,11,JNJ
0.0001216391933231,0.0110290159725675,0.0084862677663716,-0.0673164097164478,0.4761904761904761,XGBoost,11,JNJ
0.0001169641740431,0.0108149976441589,0.0081878794106077,-0.0262957102449052,0.4285714285714285,LSTM,11,JNJ
0.0001177431020984,0.0108509493639254,0.0082256182798829,-0.0331303716127533,0.4444444444444444,GRU,11,JNJ
0.0001426144898141,0.0119421308740997,0.0095662106936317,-0.2513629948003508,0.5714285714285714,Transformer,11,JNJ
0.0001156158211171,0.0107524797659493,0.0081369245913444,-0.0144646616765256,0.5079365079365079,Stacked_Ensemble,11,JNJ
0.000160718192379,0.0126774679009264,0.010155687155257,-1.2932363319225808,0.4761904761904761,Naive,12,JNJ
7.545356190401511e-05,0.0086864009753185,0.007069877538181,-0.0766226708373847,0.3809523809523809,Ridge_Regression,12,JNJ
8.053934624349565e-05,0.0089743716350224,0.0072047030110152,-0.1491900961610539,0.4285714285714285,Random_Forest,12,JNJ
7.040278482906646e-05,0.0083906367356158,0.0067709546665661,-0.0045547529417011,0.5238095238095238,XGBoost,12,JNJ
7.50691657343571e-05,0.0086642464031418,0.0066512799503031,-0.0711378451990227,0.4126984126984127,LSTM,12,JNJ
7.679644493647311e-05,0.0087633580856012,0.0066828837163126,-0.0957838380579105,0.4444444444444444,GRU,12,JNJ
7.810425595091466e-05,0.0088376612263038,0.0067371899378496,-0.1144445739037511,0.4444444444444444,Transformer,12,JNJ
7.24260562038315e-05,0.0085103499460263,0.0065973362451661,-0.0334241631638374,0.4444444444444444,Stacked_Ensemble,12,JNJ
0.000299785445016,0.0173143132990031,0.0132171676435454,-1.4232771198212046,0.4603174603174603,Naive,13,JNJ
0.0001355156884078,0.0116411205821382,0.0088032365856105,-0.0954236523326739,0.4761904761904761,Ridge_Regression,13,JNJ
0.0001228747808415,0.0110848897532416,0.0084634176797409,0.0067574995164362,0.6507936507936508,Random_Forest,13,JNJ
0.0001247042505672,0.0111671057381597,0.0083299983388057,-0.0080307839090609,0.5555555555555556,XGBoost,13,JNJ
0.0001360097639035,0.0116623224060864,0.0089378033001645,-0.0994174481086616,0.3968253968253968,LSTM,13,JNJ
0.0001257547705025,0.0112140434501821,0.0085105176212222,-0.0165225268056357,0.6031746031746031,GRU,13,JNJ
0.0001261915281185,0.0112335002612096,0.008543258933411,-0.0200530008677159,0.5714285714285714,Transformer,13,JNJ
0.0001256042932566,0.0112073321203861,0.0084832798533856,-0.0153061633257296,0.6666666666666666,Stacked_Ensemble,13,JNJ
0.0005612395717276,0.0236904953879749,0.0152623253881546,-1.198703277741461,0.5396825396825397,Naive,14,JNJ
0.0002772521628007,0.01665089075097,0.0109792318104165,-0.0861586919724486,0.5396825396825397,Ridge_Regression,14,JNJ
0.0002629740121786,0.0162164734815744,0.0108733164106154,-0.0302228347121906,0.4761904761904761,Random_Forest,14,JNJ
0.0002574198109926,0.0160443077442631,0.0105984363051084,-0.008463783910998,0.5079365079365079,XGBoost,14,JNJ
0.0002552860619277,0.0159776738584724,0.0107730798603185,-0.000104642290873,0.4603174603174603,LSTM,14,JNJ
0.0002554938323857,0.0159841744355381,0.0107437308404241,-0.0009186005540182,0.4603174603174603,GRU,14,JNJ
0.000256072011189,0.0160022501914283,0.0107106162457395,-0.0031836646979246,0.5396825396825397,Transformer,14,JNJ
0.0002559272287554,0.0159977257369756,0.0106517055971504,-0.0026164673239468,0.5079365079365079,Stacked_Ensemble,14,JNJ
0.0003149963908565,0.0177481376729088,0.0119166826079835,-1.5397664381796354,0.4761904761904761,Naive,15,JNJ
0.0001508937873962,0.0122838832376499,0.0080445204781735,-0.2166329141633933,0.5714285714285714,Ridge_Regression,15,JNJ
0.0004803237073048,0.0219162886298022,0.0176767453181643,-2.872774630711221,0.5079365079365079,Random_Forest,15,JNJ
0.0001746973326093,0.0132173118526164,0.0087859398380722,-0.4085571615413637,0.5079365079365079,XGBoost,15,JNJ
0.0001301958815688,0.0114103409926623,0.0076089938625278,-0.0497489494993499,0.5714285714285714,LSTM,15,JNJ
0.0001274529988529,0.0112895083530235,0.0075302368903341,-0.0276335168538677,0.5714285714285714,GRU,15,JNJ
0.0001266781185896,0.0112551374309529,0.007515317232621,-0.0213857789635549,0.5396825396825397,Transformer,15,JNJ
0.000134456265397,0.0115955278188223,0.0076574287569491,-0.0840997553334643,0.5079365079365079,Stacked_Ensemble,15,JNJ
0.0001688122344926,0.0129927762426926,0.0101625498549687,-0.7513375416014163,0.5555555555555556,Naive,16,JNJ
0.0001546769834744,0.0124369201764116,0.0100271749187093,-0.6046917973364652,0.365079365079365,Ridge_Regression,16,JNJ
9.631001553755723e-05,0.0098137666335386,0.0074423523762824,0.0008345879074577,0.5555555555555556,Random_Forest,16,JNJ
0.0001251788551567,0.0111883356741202,0.0086681047904064,-0.2986643362053527,0.4444444444444444,XGBoost,16,JNJ
9.911230713707816e-05,0.0099555164173978,0.0073832659326265,-0.0282377035381489,0.6031746031746031,LSTM,16,JNJ
0.000105393013777,0.0102661099632243,0.0076512317068739,-0.0933967091005174,0.3968253968253968,GRU,16,JNJ
0.0004202118452976,0.0204990693763803,0.0174425087236909,-3.3594753798920287,0.3968253968253968,Transformer,16,JNJ
0.0001033135733656,0.0101643284758823,0.0075685201287887,-0.0718236159599672,0.4285714285714285,Stacked_Ensemble,16,JNJ
0.00017415035509,0.0131966039226033,0.0100437000088912,-0.7688642384307789,0.5238095238095238,Naive,17,JNJ
0.0001196698818251,0.0109393730087772,0.0084017262961217,-0.2155001020141045,0.4761904761904761,Ridge_Regression,17,JNJ
0.0001056737380823,0.0102797732505318,0.0075682572058543,-0.0733397364506922,0.5396825396825397,Random_Forest,17,JNJ
0.0001171867180874,0.0108252814322506,0.0079747474007724,-0.1902783358478725,0.5714285714285714,XGBoost,17,JNJ
0.0001016196992552,0.0100806596636939,0.0076998977642572,-0.032162419879625,0.5396825396825397,LSTM,17,JNJ
0.0001076055311528,0.0103733085923831,0.0078085910820211,-0.0929611703353319,0.4603174603174603,GRU,17,JNJ
0.0001024200875405,0.0101202810010645,0.0079395458677962,-0.0402920513923412,0.5396825396825397,Transformer,17,JNJ
0.0001030399786283,0.0101508609796599,0.0076608373166796,-0.0465883530938202,0.6031746031746031,Stacked_Ensemble,17,JNJ
0.0002727372032068,0.0165147571343574,0.013943168241574,-0.5192876081109739,0.5555555555555556,Naive,18,JNJ
0.0001818960626647,0.0134868848391578,0.0105727739095716,-0.0132553634830374,0.4761904761904761,Ridge_Regression,18,JNJ
0.000181112211942,0.0134577937249025,0.0106927723815628,-0.0088889086115686,0.5396825396825397,Random_Forest,18,JNJ
0.0001684828857799,0.0129800957538835,0.0102230334594607,0.0614629851204757,0.6190476190476191,XGBoost,18,JNJ
0.0001811207355129,0.0134581103990461,0.0105914258972789,-0.0089363893200102,0.5238095238095238,LSTM,18,JNJ
0.0001807113504615,0.0134428921910999,0.0106303119901699,-0.0066559023596959,0.4761904761904761,GRU,18,JNJ
0.0001810337986478,0.0134548801052946,0.0106073742404787,-0.0084521059137756,0.4761904761904761,Transformer,18,JNJ
0.0001761505610786,0.0132721724325234,0.0105200130284093,0.0187500588042796,0.5238095238095238,Stacked_Ensemble,18,JNJ
0.0005414131266451,0.0232682858553251,0.0194003598184224,-1.0758099940955073,0.4285714285714285,Naive,0,BAC
0.0003945285927218,0.0198627438366876,0.0144427027970314,-0.512645991432169,0.5396825396825397,Ridge_Regression,0,BAC
0.0002675432195659,0.0163567484411167,0.0126434483084461,-0.0257765497281097,0.4126984126984127,Random_Forest,0,BAC
0.0003281948246794,0.0181161481744737,0.0141254611770601,-0.2583183959753754,0.4285714285714285,XGBoost,0,BAC
0.0002612871232224,0.0161643782194804,0.0124739555181899,-0.001790305814042,0.5555555555555556,LSTM,0,BAC
0.0003141998341329,0.0177256828960963,0.0141356808300804,-0.2046607733318983,0.5555555555555556,GRU,0,BAC
0.0002861510034086,0.0169159984455142,0.0130237133619905,-0.0971198950731366,0.492063492063492,Transformer,0,BAC
0.0002798178742811,0.0167277575987082,0.012898001060775,-0.0728383029029908,0.4603174603174603,Stacked_Ensemble,0,BAC
0.0007706896879516,0.0277612983837506,0.0210820235184735,-0.7546409219633619,0.5873015873015873,Naive,1,BAC
0.0005573547497094,0.0236083618599314,0.0177357629212102,-0.268938026782372,0.4603174603174603,Ridge_Regression,1,BAC
0.0005358024525733,0.0231474070377944,0.016475852289753,-0.2198695844396754,0.4285714285714285,Random_Forest,1,BAC
0.0005660241357114,0.0237912617511445,0.0169444854567427,-0.2886757496106744,0.4761904761904761,XGBoost,1,BAC
0.0004394579881194,0.0209632532809079,0.0153626126453326,-0.0005206784167406,0.4603174603174603,LSTM,1,BAC
0.0004383785112882,0.020937490568075,0.0153324692297477,0.0019369828859349,0.5396825396825397,GRU,1,BAC
0.0004450685681357,0.021096648267811,0.0156153377372271,-0.0132943711835438,0.4444444444444444,Transformer,1,BAC
0.0004813574690512,0.021939860278754,0.0157561234274485,-0.0959138632500213,0.4603174603174603,Stacked_Ensemble,1,BAC
0.0007910424304205,0.0281254765367721,0.0220728302237881,-0.8311081956050759,0.5714285714285714,Naive,2,BAC
0.0005982002587833,0.0244581327738518,0.0198817831591067,-0.3847163620401523,0.3492063492063492,Ridge_Regression,2,BAC
0.0004724228705515,0.0217352909010101,0.0176298961618015,-0.0935663585053581,0.4603174603174603,Random_Forest,2,BAC
0.0005043950589235,0.022458741258662,0.0185883758352902,-0.167575708583161,0.4444444444444444,XGBoost,2,BAC
0.0004432266561915,0.0210529488716322,0.0165986917986719,-0.0259828442218377,0.6507936507936508,LSTM,2,BAC
0.0004467134947433,0.0211355978089903,0.0167153027102891,-0.034054192108482,0.6507936507936508,GRU,2,BAC
0.0004673139565718,0.0216174456532651,0.0171062879586567,-0.0817402239023969,0.4444444444444444,Transformer,2,BAC
0.0004616125353522,0.021485170126212,0.0172864167608571,-0.068542551160301,0.3809523809523809,Stacked_Ensemble,2,BAC
0.0007101918426702,0.02664942480937,0.0215957408506953,-1.2475896380998082,0.4444444444444444,Naive,3,BAC
0.0004123231661639,0.0203057421968254,0.0162433847905798,-0.3049055482447222,0.4761904761904761,Ridge_Regression,3,BAC
0.0003152193740574,0.0177544184376003,0.0138662526882496,0.0024050456621907,0.5079365079365079,Random_Forest,3,BAC
0.0003352684279622,0.0183103366425158,0.0150097789614729,-0.0610454801011335,0.5079365079365079,XGBoost,3,BAC
0.0003161856216821,0.0177816090858549,0.0138712114107246,-0.0006529001191557,0.4603174603174603,LSTM,3,BAC
0.0003162988241819,0.0177847919353018,0.0138889061744523,-0.0010111593250667,0.4603174603174603,GRU,3,BAC
0.000315144859508,0.0177523198345474,0.0135989067330966,0.0026408666318478,0.6031746031746031,Transformer,3,BAC
0.0003175500849682,0.0178199350438837,0.0140234346210786,-0.0049711045240699,0.5238095238095238,Stacked_Ensemble,3,BAC
0.0006882987751922,0.026235448827727,0.0192992853294485,-0.5184905137603848,0.6666666666666666,Naive,4,BAC
0.0005036363984308,0.0224418448089918,0.0166789291118683,-0.1110975654258259,0.5238095238095238,Ridge_Regression,4,BAC
0.0004674030538405,0.0216195063274014,0.0155521321244513,-0.0311613632629759,0.5555555555555556,Random_Forest,4,BAC
0.000478470050471,0.0218739582716765,0.0165665927399009,-0.0555768206267195,0.5079365079365079,XGBoost,4,BAC
0.0004471133270671,0.0211450544351908,0.0157118267901279,0.0136008224950098,0.5079365079365079,LSTM,4,BAC
0.0004588172208663,0.0214200191612039,0.0159022079741111,-0.0122197257155001,0.4761904761904761,GRU,4,BAC
0.0004533976743317,0.0212931367893915,0.0156866640036844,-0.0002633917827816,0.5238095238095238,Transformer,4,BAC
0.0004592564936089,0.0214302704978026,0.0157945560219749,-0.0131888273857325,0.5396825396825397,Stacked_Ensemble,4,BAC
0.0005669969871113,0.0238116985347823,0.0171295088528009,-0.8815652396496463,0.5238095238095238,Naive,5,BAC
0.0003313166617425,0.0182021059699856,0.0128596174849142,-0.0994660081486167,0.6031746031746031,Ridge_Regression,5,BAC
0.0003238006972322,0.0179944629603746,0.0120346351901562,-0.0745244689756186,0.5396825396825397,Random_Forest,5,BAC
0.0003048543789882,0.0174600795813822,0.0120565242969682,-0.0116515884528463,0.5714285714285714,XGBoost,5,BAC
0.0003143084321627,0.0177287459275246,0.0121107603118588,-0.0430246261079485,0.492063492063492,LSTM,5,BAC
0.0003151632618107,0.0177528381339642,0.0123257653016084,-0.0458613567927477,0.4603174603174603,GRU,5,BAC
0.0003078073033302,0.0175444379599415,0.0120930820959623,-0.0214507936048793,0.492063492063492,Transformer,5,BAC
0.0003020243827979,0.0173788487190011,0.011719170815038,-0.0022603172803343,0.5396825396825397,Stacked_Ensemble,5,BAC
0.0005895109983116,0.0242798475759557,0.0200571535763674,-1.0075856982970843,0.4603174603174603,Naive,6,BAC
0.0003157212942898,0.0177685478948014,0.0142909510727175,-0.0751920776363128,0.492063492063492,Ridge_Regression,6,BAC
0.0003599450085739,0.0189722167543473,0.014371205198369,-0.2257963862523981,0.4444444444444444,Random_Forest,6,BAC
0.0003559478084071,0.0188665791389728,0.0145975866630699,-0.2121838804448692,0.5396825396825397,XGBoost,6,BAC
0.0002930930416054,0.017119960327215,0.0134481589496303,0.0018686669415299,0.4444444444444444,LSTM,6,BAC
0.0002939133736381,0.0171439019373684,0.0133523100311481,-0.0009249821360857,0.5555555555555556,GRU,6,BAC
0.0002960127414386,0.0172050208206391,0.0136302337221907,-0.0080744005249866,0.4444444444444444,Transformer,6,BAC
0.0003004316149994,0.0173329632492396,0.0138147879983436,-0.0231229193631254,0.5396825396825397,Stacked_Ensemble,6,BAC
0.0003202954212504,0.0178967991900922,0.0149892869662431,-0.6905561143080208,0.5238095238095238,Naive,7,BAC
0.0002398896883464,0.0154883726823198,0.0121274769447539,-0.2661653975888305,0.4126984126984127,Ridge_Regression,7,BAC
0.0001895344915721,0.0137671526312515,0.0110362336745723,-0.0003848707815918,0.5079365079365079,Random_Forest,7,BAC
0.0002059768475176,0.0143518935168042,0.0112902764914908,-0.0871695187443757,0.5555555555555556,XGBoost,7,BAC
0.0001889856578075,0.0137472054544747,0.0109777342926304,0.0025119370245246,0.5079365079365079,LSTM,7,BAC
0.0001902238499571,0.0137921662532446,0.0110048729003326,-0.0040233837147503,0.5079365079365079,GRU,7,BAC
0.0001893080309915,0.0137589255027997,0.0109838567311555,0.0008104142389057,0.5079365079365079,Transformer,7,BAC
0.000194200466534,0.0139355827482775,0.0111163109731194,-0.0250124239020161,0.5396825396825397,Stacked_Ensemble,7,BAC
0.0005003078826612,0.0223675631811161,0.0163214559899503,-0.4875458088212399,0.6190476190476191,Naive,8,BAC
0.0003591707051342,0.0189517995223209,0.0137937978293939,-0.0679081733269457,0.5555555555555556,Ridge_Regression,8,BAC
0.000340712604813,0.0184584020113628,0.0130632094378541,-0.0130274274440347,0.4444444444444444,Random_Forest,8,BAC
0.0003699303718024,0.0192335740777022,0.0135304435656004,-0.0998994683101088,0.492063492063492,XGBoost,8,BAC
0.000341827716871,0.0184885834198038,0.0131023528424537,-0.01634294639881,0.5079365079365079,LSTM,8,BAC
0.0003429254147341,0.018518245455067,0.0130936895121998,-0.0196066884107737,0.5079365079365079,GRU,8,BAC
0.0003658028724078,0.0191259737636506,0.0142643168514417,-0.0876273362127613,0.5079365079365079,Transformer,8,BAC
0.0003481114072656,0.0186577438953828,0.0131360639714463,-0.0350259966453392,0.5238095238095238,Stacked_Ensemble,8,BAC
0.0003025252122845,0.0173932519180446,0.0134846650380862,-1.040368985520039,0.5873015873015873,Naive,9,BAC
0.0001794101006694,0.013394405573575,0.0106117945191658,-0.2100241243714309,0.4603174603174603,Ridge_Regression,9,BAC
0.000151067448623,0.0122909498665915,0.0096270633800379,-0.0188682608119754,0.5714285714285714,Random_Forest,9,BAC
0.0001687668879108,0.0129910310564952,0.0101660073760276,-0.1382414089576036,0.492063492063492,XGBoost,9,BAC
0.0001487922278966,0.0121980419697848,0.0096316362521695,-0.0035231271936209,0.5714285714285714,LSTM,9,BAC
0.0001550495113443,0.0124518878626648,0.0097456864658222,-0.0457251208191311,0.4285714285714285,GRU,9,BAC
0.0001519133722904,0.0123253142876936,0.0096444790325238,-0.0245735585686857,0.5714285714285714,Transformer,9,BAC
0.0001556039599006,0.0124741316291205,0.0097282474817079,-0.0494645765480796,0.5555555555555556,Stacked_Ensemble,9,BAC
0.0003203808898093,0.0178991868477143,0.0143882213683613,-0.8910924747769529,0.492063492063492,Naive,10,BAC
0.0002235802299401,0.0149525994375621,0.0115654868249713,-0.3197132032448402,0.4603174603174603,Ridge_Regression,10,BAC
0.0001692404879586,0.0130092462486741,0.010278363920557,0.0010346328815684,0.5079365079365079,Random_Forest,10,BAC
0.000173380860203,0.0131674166108243,0.0107540063969941,-0.0234044864390838,0.4761904761904761,XGBoost,10,BAC
0.000175801371197,0.0132590109433935,0.0103894824493381,-0.0376918870659459,0.4761904761904761,LSTM,10,BAC
0.0001759445408558,0.0132644088015971,0.0103733694951893,-0.0385369657616425,0.4761904761904761,GRU,10,BAC
0.000169569082108,0.0130218693783992,0.0102790987600691,-0.0009049394932159,0.5079365079365079,Transformer,10,BAC
0.0001711400062059,0.0130820490064022,0.0104473320914042,-0.0101775360628679,0.5079365079365079,Stacked_Ensemble,10,BAC
0.0003716044216094,0.0192770439022549,0.0147829940547485,-0.5601018883959503,0.6349206349206349,Naive,11,BAC
0.0002978466187921,0.0172582333624325,0.0130038430023572,-0.2504454882896212,0.5873015873015873,Ridge_Regression,11,BAC
0.0002905088438802,0.0170443199887904,0.0124171107730447,-0.2196394057163933,0.4126984126984127,Random_Forest,11,BAC
0.0003004076198846,0.0173322710538639,0.012656907413404,-0.261197305028445,0.492063492063492,XGBoost,11,BAC
0.000236715518325,0.0153855620087483,0.0114403502221054,0.0062003957002504,0.5555555555555556,LSTM,11,BAC
0.0002432575460279,0.015596715873157,0.0114478714176565,-0.0212649119758581,0.5238095238095238,GRU,11,BAC
0.0002382347690913,0.0154348556550207,0.011470557416194,-0.0001778545346748,0.5238095238095238,Transformer,11,BAC
0.0002558593363091,0.0159956036556673,0.0118967116856915,-0.0741708400854692,0.5555555555555556,Stacked_Ensemble,11,BAC
0.0005049531246598,0.0224711620674101,0.0154076594748855,-1.0499343558540222,0.5238095238095238,Naive,12,BAC
0.0002483022458727,0.0157576091420217,0.010542630921208,-0.0080209025206703,0.6190476190476191,Ridge_Regression,12,BAC
0.0002429296703499,0.0155862012802987,0.0098475811488799,0.0137898886312898,0.5555555555555556,Random_Forest,12,BAC
0.0002374122175918,0.0154081867068076,0.0099087453410103,0.0361888310545881,0.5714285714285714,XGBoost,12,BAC
0.0002493172240359,0.0157897822668957,0.0099780661188003,-0.0121413614418484,0.5079365079365079,LSTM,12,BAC
0.0002479542879011,0.0157465643205486,0.0100302217801427,-0.0066083139744452,0.4603174603174603,GRU,12,BAC
0.0002529624649565,0.015904793772838,0.009983899530719,-0.0269397738754773,0.4603174603174603,Transformer,12,BAC
0.0002381530528018,0.0154322082931057,0.0097970609288042,0.0331812973356067,0.5714285714285714,Stacked_Ensemble,12,BAC
0.0004168849822717,0.0204177614412483,0.0154222930944517,-0.7079075571913787,0.5555555555555556,Naive,13,BAC
0.0002394243247272,0.015473342390294,0.0108026739712437,0.0191188673939448,0.6190476190476191,Ridge_Regression,13,BAC
0.0002664712006821,0.0163239456223723,0.0116111068650509,-0.0916876279373761,0.492063492063492,Random_Forest,13,BAC
0.0002433244517715,0.015598860592094,0.0113955546389285,0.0031407037846579,0.5238095238095238,XGBoost,13,BAC
0.0002349894371592,0.0153293651910074,0.0107854687393132,0.0372878548000299,0.6190476190476191,LSTM,13,BAC
0.0002478648407717,0.0157437238533873,0.0112310994415617,-0.0154605052194647,0.492063492063492,GRU,13,BAC
0.0002439314708595,0.0156183056334394,0.0111776265269277,0.0006538488204859,0.492063492063492,Transformer,13,BAC
0.00023710072299,0.0153980753014798,0.0109919028011879,0.0286382723513727,0.5555555555555556,Stacked_Ensemble,13,BAC
0.0010973454152123,0.0331262043586704,0.0223747725509748,-0.8300518361582983,0.4444444444444444,Naive,14,BAC
0.0008091973703404,0.0284463946808813,0.0193653094910363,-0.3495050080647812,0.365079365079365,Ridge_Regression,14,BAC
0.000715094106947,0.0267412435564817,0.0168033972659436,-0.1925682335777359,0.4285714285714285,Random_Forest,14,BAC
0.0007517566976961,0.0274181818816663,0.0181149134458395,-0.2537107330938555,0.4444444444444444,XGBoost,14,BAC
0.0006083295188741,0.0246643369842802,0.0153299840761291,-0.0145160653807654,0.3809523809523809,LSTM,14,BAC
0.0006039657318556,0.0245757142694916,0.0150998163734894,-0.0072385424285692,0.3809523809523809,GRU,14,BAC
0.0005988762383984,0.0244719479894525,0.0151603962695079,0.0012492470289633,0.5396825396825397,Transformer,14,BAC
0.0006597358706899,0.0256853240331893,0.0161228566443411,-0.1002468546350277,0.4126984126984127,Stacked_Ensemble,14,BAC
0.0002766180709519,0.0166318390730527,0.0132901244257233,-1.0019477637982366,0.4761904761904761,Naive,15,BAC
0.0001689529501626,0.012998190264905,0.0103263193324831,-0.2227508477711199,0.3492063492063492,Ridge_Regression,15,BAC
0.001439930954857,0.0379464221614775,0.026930173186945,-9.421107143072298,0.4761904761904761,Random_Forest,15,BAC
0.0003259139963373,0.0180530882770056,0.0143522891281955,-1.3587135645650408,0.3968253968253968,XGBoost,15,BAC
0.0001386678802013,0.0117757326821434,0.0086672294880292,-0.0035709226238032,0.5714285714285714,LSTM,15,BAC
0.0001380767917735,0.0117506081448387,0.0086782072818454,0.0007069184878526,0.5714285714285714,GRU,15,BAC
0.000140321283284,0.0118457284826229,0.0087422814210019,-0.0155369760082411,0.5555555555555556,Transformer,15,BAC
0.0002296997096595,0.0151558473751736,0.0119816755764497,-0.6623889340113933,0.3968253968253968,Stacked_Ensemble,15,BAC
0.0003434718974383,0.0185329948318771,0.0126642351896075,-1.0843462675741753,0.6190476190476191,Naive,16,BAC
0.0001716527857427,0.0131016329418419,0.0102726728244293,-0.0416684623981842,0.5238095238095238,Ridge_Regression,16,BAC
0.0002178103642327,0.0147583997856389,0.0116633956039917,-0.3217739882458386,0.4603174603174603,Random_Forest,16,BAC
0.0002166980892062,0.0147206687757812,0.0121076390683285,-0.3150241891581677,0.4603174603174603,XGBoost,16,BAC
0.0001651345049309,0.0128504671094474,0.0096602630232001,-0.0021125209009764,0.5714285714285714,LSTM,16,BAC
0.0001650795689811,0.012848329423747,0.0097709760292298,-0.0017791441591887,0.5714285714285714,GRU,16,BAC
0.000163687942463,0.0127940588736729,0.0097889398330991,0.0066658889294634,0.5238095238095238,Transformer,16,BAC
0.0001749194438319,0.0132257114678911,0.0102764901541821,-0.0614920539244228,0.4761904761904761,Stacked_Ensemble,16,BAC
0.0004594805697536,0.0214354978891002,0.0169890829620251,-0.8295300006010167,0.5396825396825397,Naive,17,BAC
0.0002786627224403,0.0166931938957261,0.0128370052185215,-0.1095611965203828,0.4603174603174603,Ridge_Regression,17,BAC
0.0002591471974328,0.0160980494915635,0.012226338337257,-0.0318555418551493,0.5396825396825397,Random_Forest,17,BAC
0.0002559945175777,0.0159998286733879,0.0120729702137585,-0.0193024052116934,0.5873015873015873,XGBoost,17,BAC
0.0002591855140693,0.0160992395494129,0.0124195843602345,-0.0320081085591876,0.492063492063492,LSTM,17,BAC
0.0002618059377437,0.0161804183426682,0.0124268894197158,-0.0424419419835682,0.492063492063492,GRU,17,BAC
0.0002573087544019,0.0160408464365807,0.0127626607906808,-0.0245353483567232,0.4285714285714285,Transformer,17,BAC
0.0002558608383388,0.0159956506069252,0.0121447978363289,-0.0187701298682045,0.5714285714285714,Stacked_Ensemble,17,BAC
0.0003219593717659,0.017943226347733,0.0154479202767069,-1.0086791733187592,0.4761904761904761,Naive,18,BAC
0.0001991449481521,0.014111872595517,0.0113382174654014,-0.2424496532920617,0.4444444444444444,Ridge_Regression,18,BAC
0.0001710587876404,0.0130789444390751,0.0102399958691561,-0.0672223090191894,0.5555555555555556,Random_Forest,18,BAC
0.0002082972885161,0.0144325080466353,0.0117978633314491,-0.2995503842806846,0.3174603174603174,XGBoost,18,BAC
0.0001780415122444,0.0133432197105676,0.0104184169638854,-0.1107869780899255,0.3809523809523809,LSTM,18,BAC
0.0001684197864775,0.0129776649085076,0.0101688092018555,-0.0507577885263803,0.5873015873015873,GRU,18,BAC
0.0001840484669191,0.0135664463629612,0.0106233675617243,-0.1482638953910244,0.3809523809523809,Transformer,18,BAC
0.0001817626657346,0.0134819385006266,0.0107573086337903,-0.1340029617573137,0.3333333333333333,Stacked_Ensemble,18,BAC
0.0006329761978696,0.0251590182214973,0.0204768557066016,-0.8874196083631809,0.4603174603174603,Naive,0,NFLX
0.0004877355899197,0.0220847365825302,0.0171701370216742,-0.4543385978957655,0.5555555555555556,Ridge_Regression,0,NFLX
0.0003966418592807,0.0199158695336343,0.0158629658394494,-0.182713702701174,0.492063492063492,Random_Forest,0,NFLX
0.0003832365057868,0.0195764272988417,0.0154093122516661,-0.1427413828468149,0.5079365079365079,XGBoost,0,NFLX
0.0003398258828502,0.0184343668958342,0.0143933619456423,-0.0132988205236606,0.492063492063492,LSTM,0,NFLX
0.0003348500441373,0.0182989082771994,0.0143064995938231,0.0015382232488099,0.5396825396825397,GRU,0,NFLX
0.0003590150657148,0.0189476928863344,0.0147352499391002,-0.0705174649672346,0.492063492063492,Transformer,0,NFLX
0.0003329058094839,0.018245706604128,0.0142898232905937,0.0073355764834355,0.5396825396825397,Stacked_Ensemble,0,NFLX
0.0032601071794616,0.0570973482699651,0.0362732055710166,-0.6953608209542992,0.5555555555555556,Naive,1,NFLX
0.0020320155530583,0.0450778831918527,0.0294914331030253,-0.0567135884145055,0.4603174603174603,Ridge_Regression,1,NFLX
0.0020591948927937,0.0453783526892919,0.0298707739251127,-0.0708477211869433,0.4603174603174603,Random_Forest,1,NFLX
0.0019720080692152,0.0444072974770502,0.028759612191742,-0.0255077625102153,0.4603174603174603,XGBoost,1,NFLX
0.0019828689200786,0.0445294163455876,0.0285497898134681,-0.0311557550523391,0.3809523809523809,LSTM,1,NFLX
0.0020049538783065,0.0447767113386701,0.0285973995057004,-0.0426406452264667,0.4126984126984127,GRU,1,NFLX
0.0020806551563034,0.0456141990645832,0.0296943800628617,-0.0820077499709155,0.492063492063492,Transformer,1,NFLX
0.0019790117372001,0.0444860847591714,0.0285532611134651,-0.0291498956214997,0.4126984126984127,Stacked_Ensemble,1,NFLX
0.0088305108312741,0.0939707977579959,0.0552378329097202,-1.1195050694508053,0.4603174603174603,Naive,2,NFLX
0.005223059495483,0.0722707374770943,0.0421925555325888,-0.2536422060106578,0.3968253968253968,Ridge_Regression,2,NFLX
0.0047031776832001,0.0685797177247043,0.0395866209881076,-0.128859828444626,0.4285714285714285,Random_Forest,2,NFLX
0.0045746293360005,0.0676360062097142,0.0374300583077882,-0.098005568847979,0.492063492063492,XGBoost,2,NFLX
0.0043581745023317,0.066016471447145,0.0374843927204339,-0.0460519360362374,0.4285714285714285,LSTM,2,NFLX
0.005369597709168,0.073277538913149,0.0451115428573562,-0.2888144052987915,0.4285714285714285,GRU,2,NFLX
0.0042756733494834,0.0653886331825602,0.0365483901163485,-0.0262499545836802,0.5555555555555556,Transformer,2,NFLX
0.0044717275146093,0.0668709766237143,0.0377592247173717,-0.0733070053943405,0.4444444444444444,Stacked_Ensemble,2,NFLX
0.0020205057416512,0.0449500360583982,0.0381183710662979,-1.0173841739447935,0.4285714285714285,Naive,3,NFLX
0.001638888315927,0.0404831855950969,0.0307885231987254,-0.6363563256752609,0.4761904761904761,Ridge_Regression,3,NFLX
0.0014430911643988,0.0379880397546234,0.0274835182678904,-0.4408616697315184,0.4603174603174603,Random_Forest,3,NFLX
0.0015838152804917,0.0397971767904673,0.0270515056719372,-0.5813683749815028,0.5873015873015873,XGBoost,3,NFLX
0.0010265885588755,0.0320404207037857,0.0254801229912399,-0.0250025373032658,0.5079365079365079,LSTM,3,NFLX
0.0010606924569925,0.032568273779747,0.0255559501012253,-0.0590537468161787,0.492063492063492,GRU,3,NFLX
0.0011837213934897,0.0344052524113654,0.0260260147819352,-0.1818926105275367,0.492063492063492,Transformer,3,NFLX
0.0012866186451054,0.0358694667524545,0.026425340266447,-0.2846308916779931,0.5714285714285714,Stacked_Ensemble,3,NFLX
0.0031103374370333,0.0557703992906033,0.042678210431938,-1.1179898503637895,0.4603174603174603,Naive,4,NFLX
0.0016343890271969,0.0404275775578622,0.0322190673695487,-0.1129401363122961,0.4444444444444444,Ridge_Regression,4,NFLX
0.001449043540686,0.0380663045315151,0.0287168801577471,0.0132712048003498,0.5079365079365079,Random_Forest,4,NFLX
0.0014781448269991,0.0384466490997479,0.0292260418226322,-0.0065453682536833,0.5396825396825397,XGBoost,4,NFLX
0.0014701493903569,0.0383425271774945,0.0286630652081574,-0.001100861347175,0.4603174603174603,LSTM,4,NFLX
0.0014714686595319,0.0383597270523655,0.0284989301033942,-0.0019992200556082,0.4761904761904761,GRU,4,NFLX
0.0014855854297616,0.038543292928363,0.0297696905769587,-0.0116120600356826,0.4603174603174603,Transformer,4,NFLX
0.0014585859683411,0.0381914384167595,0.0289811558240855,0.0067732715919904,0.4761904761904761,Stacked_Ensemble,4,NFLX
0.0010106762169286,0.0317911342504259,0.0252408080049107,-0.7644422106251485,0.5555555555555556,Naive,5,NFLX
0.0006092616284379,0.0246832256489687,0.0188786703427266,-0.063651163967185,0.5714285714285714,Ridge_Regression,5,NFLX
0.0005958726849609,0.0244105035786029,0.0182125089435255,-0.0402766978120898,0.4761904761904761,Random_Forest,5,NFLX
0.0006409282248675,0.0253165602890188,0.019021755036273,-0.1189348230375899,0.5238095238095238,XGBoost,5,NFLX
0.0005734914754217,0.0239476820469481,0.0177765205024426,-0.0012035009024728,0.5079365079365079,LSTM,5,NFLX
0.0005734948797139,0.0239477531245407,0.0178279589044093,-0.0012094441282053,0.5079365079365079,GRU,5,NFLX
0.0005947502821394,0.0243875025810244,0.0189546628214277,-0.0383172028893601,0.5079365079365079,Transformer,5,NFLX
0.0005932002420753,0.0243557024549759,0.0180896229327368,-0.0356111373151009,0.5079365079365079,Stacked_Ensemble,5,NFLX
0.001178761116157,0.0343330906875145,0.0242167990454832,-1.168084477141638,0.5873015873015873,Naive,6,NFLX
0.0005688241215527,0.0238500339947928,0.0188710167235441,-0.0462329739742979,0.5079365079365079,Ridge_Regression,6,NFLX
0.0005629267269312,0.0237260769393359,0.0172929054962827,-0.0353859502990483,0.5396825396825397,Random_Forest,6,NFLX
0.000594833836683,0.0243892155815453,0.0182778011286612,-0.0940724037416791,0.5238095238095238,XGBoost,6,NFLX
0.0005893538387761,0.0242766109409057,0.0175494981229485,-0.0839930940036324,0.4285714285714285,LSTM,6,NFLX
0.0005714986729259,0.023906038419737,0.017336655095687,-0.0511522517109015,0.5714285714285714,GRU,6,NFLX
0.0005589393674722,0.0236418985589612,0.0171648457429671,-0.0280520367269789,0.5714285714285714,Transformer,6,NFLX
0.0005656171591097,0.0237827071442617,0.0174841810107557,-0.0403344374546723,0.5714285714285714,Stacked_Ensemble,6,NFLX
0.0008774999646421,0.0296226258903925,0.0231046867990952,-0.7588040429791951,0.492063492063492,Naive,7,NFLX
0.0006372771719958,0.0252443493082293,0.0185145169734828,-0.2773170504477618,0.5079365079365079,Ridge_Regression,7,NFLX
0.0005187715788417,0.0227765576600542,0.0164857936906963,-0.0397921219537553,0.4603174603174603,Random_Forest,7,NFLX
0.0005195838896023,0.0227943828519735,0.0170055027178574,-0.0414202649821451,0.5079365079365079,XGBoost,7,NFLX
0.000498800185636,0.0223338349961681,0.0161703308364085,0.0002372438918115,0.492063492063492,LSTM,7,NFLX
0.0005088199946759,0.0225570386947391,0.0161261040940533,-0.0198458117883526,0.5079365079365079,GRU,7,NFLX
0.0005039611910761,0.0224490799605709,0.0161716476617798,-0.0101071408370172,0.5079365079365079,Transformer,7,NFLX
0.0005096390175346,0.0225751858804005,0.0163041473793597,-0.0214874081110605,0.4761904761904761,Stacked_Ensemble,7,NFLX
0.0012490526260752,0.035341938629272,0.0208736448620852,-1.1951279536176371,0.5238095238095238,Naive,8,NFLX
0.000583033949432,0.0241460959459712,0.0161185320353294,-0.0246438729550324,0.5079365079365079,Ridge_Regression,8,NFLX
0.000624831945116,0.0249966386763514,0.0154525044603,-0.0981011051130476,0.492063492063492,Random_Forest,8,NFLX
0.000722797863954,0.0268849002965238,0.0166751275019891,-0.2702697731528911,0.5238095238095238,XGBoost,8,NFLX
0.0005836253030906,0.0241583381690607,0.0145448284720007,-0.0256831381705044,0.5714285714285714,LSTM,8,NFLX
0.0005912134555518,0.0243148813600194,0.0146199519770257,-0.0390188177375561,0.4603174603174603,GRU,8,NFLX
0.0005776381658473,0.0240341042239438,0.0144898136263738,-0.0151611376954636,0.5396825396825397,Transformer,8,NFLX
0.0006275237969836,0.0250504250858872,0.0154670451177558,-0.102831857971787,0.492063492063492,Stacked_Ensemble,8,NFLX
0.0006312180189248,0.0251240525975575,0.0196710296715025,-0.7079742746081039,0.4126984126984127,Naive,9,NFLX
0.0004778074835234,0.0218588079163398,0.0149148543841556,-0.2928700791262615,0.492063492063492,Ridge_Regression,9,NFLX
0.0004032065638046,0.0200800040788014,0.0132245493936648,-0.0910120080294059,0.5714285714285714,Random_Forest,9,NFLX
0.0004414428458351,0.0210105413027639,0.0145003806369066,-0.1944732276186971,0.4761904761904761,XGBoost,9,NFLX
0.0003794405239569,0.0194792331460194,0.0128694581346183,-0.0267049327365924,0.5079365079365079,LSTM,9,NFLX
0.0003729380727092,0.0193116046124917,0.0128800883952822,-0.0091103471574167,0.5079365079365079,GRU,9,NFLX
0.0003968087237349,0.0199200583265961,0.0129807081882482,-0.0737004834460253,0.492063492063492,Transformer,9,NFLX
0.0004047278578545,0.0201178492353069,0.0134103023944905,-0.0951283846589887,0.4761904761904761,Stacked_Ensemble,9,NFLX
0.0008291799362641,0.028795484650621,0.020637119949111,-1.0543103424068332,0.5079365079365079,Naive,10,NFLX
0.0004824701595275,0.0219652033800628,0.0165201165005332,-0.195329741196627,0.4761904761904761,Ridge_Regression,10,NFLX
0.0005094214519372,0.0225703666770679,0.0167555683988003,-0.2621021223375437,0.4444444444444444,Random_Forest,10,NFLX
0.0005005344122607,0.0223726264050672,0.016840845949242,-0.2400842987958278,0.4285714285714285,XGBoost,10,NFLX
0.0004036086263718,0.0200900131003412,0.0141102410009312,5.132881527469824e-05,0.5079365079365079,LSTM,10,NFLX
0.0004051170196494,0.0201275189640821,0.0141305121005278,-0.0036857465468698,0.4444444444444444,GRU,10,NFLX
0.0004036224536354,0.0200903572301612,0.0141194781234958,1.707148535790015e-05,0.5079365079365079,Transformer,10,NFLX
0.0004546413870879,0.0213223213344117,0.0155516070166813,-0.1263833852382827,0.4126984126984127,Stacked_Ensemble,10,NFLX
0.0004304094957152,0.0207463128221672,0.0164428607851748,-1.1066379086098237,0.5079365079365079,Naive,11,NFLX
0.0002596927685849,0.0161149858388059,0.0130726308064202,-0.2710654303379796,0.5079365079365079,Ridge_Regression,11,NFLX
0.0018173746274146,0.0426306770696247,0.0300294848775176,-7.895134336883807,0.3333333333333333,Random_Forest,11,NFLX
0.0003557800395094,0.0188621324221166,0.0156801101722007,-0.7413642724398459,0.3809523809523809,XGBoost,11,NFLX
0.0002044398957358,0.014298247995327,0.0114664242336574,-0.0006304198139457,0.5079365079365079,LSTM,11,NFLX
0.0002045865637802,0.0143033759574516,0.0114804518812613,-0.0013482860907021,0.5079365079365079,GRU,11,NFLX
0.0002043166651413,0.0142939380557422,0.0114709361284265,-2.7268061001839428e-05,0.5079365079365079,Transformer,11,NFLX
0.0003725464088773,0.0193014613145582,0.0157722023378932,-0.8234272140149019,0.3809523809523809,Stacked_Ensemble,11,NFLX
0.0007909226507191,0.0281233470753243,0.018298183171989,-1.1288327683280794,0.5238095238095238,Naive,12,NFLX
0.000501583279464,0.0223960549977895,0.0163305241880779,-0.3500522717329599,0.4444444444444444,Ridge_Regression,12,NFLX
0.0039580825324459,0.0629132937656736,0.0559195266771048,-9.65350168838432,0.3809523809523809,Random_Forest,12,NFLX
0.0007007685299562,0.0264720329773937,0.0200654447861875,-0.8861756054494752,0.3968253968253968,XGBoost,12,NFLX
0.0003772403618312,0.0194226764847494,0.0132008091683824,-0.0153731759636301,0.6031746031746031,LSTM,12,NFLX
0.0003844322274949,0.0196069433491037,0.0132813416126243,-0.0347306684775123,0.6031746031746031,GRU,12,NFLX
0.0003866203462991,0.0196626637640778,0.0133241093359999,-0.0406201685533664,0.6031746031746031,Transformer,12,NFLX
0.0008038466376699,0.0283521892923629,0.0219722485531758,-1.1636187324085716,0.3968253968253968,Stacked_Ensemble,12,NFLX
0.001124423337483,0.0335324221833588,0.0241105431932689,-0.9441615884889496,0.4761904761904761,Naive,13,NFLX
0.0006275207575543,0.0250503644195911,0.0182414893243775,-0.085002162572972,0.492063492063492,Ridge_Regression,13,NFLX
0.0006106934421429,0.0247122124089075,0.0178417894149959,-0.0559072308247767,0.4285714285714285,Random_Forest,13,NFLX
0.0006220071180725,0.0249400705306247,0.0185586972239797,-0.0754689149642473,0.5238095238095238,XGBoost,13,NFLX
0.0005778037400441,0.0240375485448115,0.0174334426283735,0.0009600480245277,0.492063492063492,LSTM,13,NFLX
0.0005790776166859,0.0240640315966783,0.0173968429717167,-0.0012425227980688,0.492063492063492,GRU,13,NFLX
0.000580309586499,0.0240896157399615,0.0174061283582661,-0.0033726354601819,0.492063492063492,Transformer,13,NFLX
0.0005911234329257,0.024313030105805,0.0178138467017352,-0.0220700994365359,0.492063492063492,Stacked_Ensemble,13,NFLX
0.0009678118389828,0.0311096743631753,0.0227861484223347,-1.1066928718696565,0.5714285714285714,Naive,14,NFLX
0.0007797216203386,0.0279234958473796,0.0204880703549388,-0.6972658459484142,0.4126984126984127,Ridge_Regression,14,NFLX
0.0023958733269212,0.0489476590545582,0.0379494148067729,-4.215238186208361,0.3968253968253968,Random_Forest,14,NFLX
0.0009852944590628,0.0313894004253479,0.0243470447158263,-1.1447483177948643,0.4126984126984127,XGBoost,14,NFLX
0.0004799107766778,0.0219068659711481,0.0150289518044168,-0.0446499739280565,0.6190476190476191,LSTM,14,NFLX
0.0004745682440837,0.0217845873057935,0.014913008796726,-0.0330205694504541,0.6190476190476191,GRU,14,NFLX
0.0004940251832943,0.0222266772886615,0.0153620346822115,-0.0753736317837006,0.3809523809523809,Transformer,14,NFLX
0.0008752049040133,0.0295838622227272,0.0226171944702558,-0.9051099174898064,0.3809523809523809,Stacked_Ensemble,14,NFLX
0.0006702145967002,0.0258885031761255,0.0208766621671559,-1.5356066051588275,0.4285714285714285,Naive,15,NFLX
0.0004046224537281,0.0201152293978497,0.0149752990273015,-0.5307983014989963,0.4126984126984127,Ridge_Regression,15,NFLX
0.0032644433041238,0.0571353069837195,0.0314567449989785,-11.350289063914374,0.5238095238095238,Random_Forest,15,NFLX
0.000302309725455,0.0173870562619177,0.0136739190247277,-0.1437210416509435,0.492063492063492,XGBoost,15,NFLX
0.0002666708356574,0.0163300592668066,0.0125377143515259,-0.0088892954961696,0.492063492063492,LSTM,15,NFLX
0.0002665263189875,0.0163256338004844,0.0125736052609165,-0.0083425490890396,0.5079365079365079,GRU,15,NFLX
0.0002717183650842,0.0164838819785952,0.0126159803341972,-0.0279854909795809,0.492063492063492,Transformer,15,NFLX
0.0003125470618349,0.0176790005892577,0.0139415788179536,-0.1824517077269443,0.5396825396825397,Stacked_Ensemble,15,NFLX
0.0009525133028115,0.0308628142399812,0.0214931366929531,-0.9252854573852238,0.5873015873015873,Naive,16,NFLX
0.0005082451176085,0.0225442923510265,0.0161790564250263,-0.027300018624881,0.4761904761904761,Ridge_Regression,16,NFLX
0.0005271264800669,0.0229592351803566,0.015969756272666,-0.0654643281934921,0.4126984126984127,Random_Forest,16,NFLX
0.0005570336921339,0.0236015612223845,0.0169180480074332,-0.125914843995889,0.5873015873015873,XGBoost,16,NFLX
0.000515731830742,0.0227097298694206,0.0155011065868564,-0.0424326785856332,0.4444444444444444,LSTM,16,NFLX
0.0005122888731813,0.0226337993536517,0.0154563728103451,-0.0354735357553783,0.4444444444444444,GRU,16,NFLX
0.0005060754336529,0.022496120413372,0.0158726882051859,-0.0229145040556359,0.492063492063492,Transformer,16,NFLX
0.0005249736692766,0.0229123038840853,0.0160977421514303,-0.0611129188276127,0.5396825396825397,Stacked_Ensemble,16,NFLX
0.0009875700008512,0.0314256264989463,0.0218251041786126,-0.7161861851641529,0.5555555555555556,Naive,17,NFLX
0.0007951760247385,0.02819886566404,0.0179817488376234,-0.381846458735845,0.5873015873015873,Ridge_Regression,17,NFLX
0.0005743285160462,0.0239651521181547,0.0145144668750427,0.0019394431434121,0.5238095238095238,Random_Forest,17,NFLX
0.0006331404198725,0.0251622816905087,0.0149423630648598,-0.100263111392217,0.5873015873015873,XGBoost,17,NFLX
0.0005759561414148,0.0239990862620819,0.0149313046794838,-0.0008890228587199,0.5396825396825397,LSTM,17,NFLX
0.0005781497886627,0.0240447455520486,0.0151616063580652,-0.0047011142534982,0.4603174603174603,GRU,17,NFLX
0.0005594515409119,0.0236527279803391,0.0148556060384892,0.0277924552647252,0.6349206349206349,Transformer,17,NFLX
0.0006000758333103,0.0244964453198893,0.0145611373381833,-0.0428039068525176,0.6031746031746031,Stacked_Ensemble,17,NFLX
0.0008863289688934,0.0297712775824857,0.0222030831018472,-0.8740275096852881,0.5079365079365079,Naive,18,NFLX
0.0004944624176576,0.0222365109146574,0.0158670015759482,-0.045476573278302,0.5079365079365079,Ridge_Regression,18,NFLX
0.0005055532005402,0.0224845102357219,0.0152260144377675,-0.0689265934800569,0.4444444444444444,Random_Forest,18,NFLX
0.000536927638378,0.0231716990826761,0.0164932163789334,-0.1352637681324642,0.4761904761904761,XGBoost,18,NFLX
0.0004966574288741,0.0222858122776378,0.014988066127714,-0.0501176394603113,0.3968253968253968,LSTM,18,NFLX
0.0004857828352422,0.0220404817379795,0.0146777925625886,-0.0271247233557192,0.6031746031746031,GRU,18,NFLX
0.000490441845141,0.0221459216367501,0.0147855142921548,-0.0369755947869829,0.3968253968253968,Transformer,18,NFLX
0.0005054115436114,0.0224813599146376,0.0153755228769111,-0.0686270782990834,0.4603174603174603,Stacked_Ensemble,18,NFLX
0.0022918219138874,0.0478729768646929,0.0382010794323208,-1.32979361787329,0.4603174603174603,Naive,0,AMD
0.0011375392372784,0.03372742559518,0.0267430018687429,-0.156386383703051,0.4761904761904761,Ridge_Regression,0,AMD
0.001059768227145,0.0325540815742824,0.0244420812569431,-0.0773268363768129,0.4285714285714285,Random_Forest,0,AMD
0.0011350010966091,0.033689777330953,0.0265099765295755,-0.1538061902348928,0.3333333333333333,XGBoost,0,AMD
0.0009910318224915,0.031480657910716,0.0237963153017334,-0.0074515830218704,0.5714285714285714,LSTM,0,AMD
0.0009879047523109,0.0314309521381542,0.0238425906989047,-0.0042727024529982,0.5714285714285714,GRU,0,AMD
0.0009664629359745,0.0310879870042194,0.0237174917837947,0.0175243693672438,0.6031746031746031,Transformer,0,AMD
0.0010470509568423,0.0323581667719656,0.0249372487818624,-0.0643988619087962,0.3809523809523809,Stacked_Ensemble,0,AMD
0.0032638589724647,0.0571301931772052,0.0474535604319939,-0.9183952645182748,0.5238095238095238,Naive,1,AMD
0.0022690190412446,0.0476342213250589,0.0394473513439097,-0.3336591502721833,0.5079365079365079,Ridge_Regression,1,AMD
0.0019404932641332,0.0440510302278306,0.0374332234659942,-0.1405618686801288,0.4444444444444444,Random_Forest,1,AMD
0.001805926335088,0.0424961920069081,0.0351117595790118,-0.0614675935845894,0.492063492063492,XGBoost,1,AMD
0.0017267699983255,0.0415544221272004,0.035118651822893,-0.0149419492835438,0.4761904761904761,LSTM,1,AMD
0.0017277904849188,0.0415666992305,0.0352065066652231,-0.015541759711807,0.4761904761904761,GRU,1,AMD
0.0017870268541234,0.042273240402451,0.0349670392224087,-0.0503590637460833,0.4761904761904761,Transformer,1,AMD
0.0017402178523674,0.0417159184528809,0.0349888185323914,-0.0228461815832428,0.492063492063492,Stacked_Ensemble,1,AMD
0.0041104966494914,0.0641131550424048,0.0531883039307485,-1.334430813984607,0.3809523809523809,Naive,2,AMD
0.0019761041383562,0.0444533928778924,0.0353750174246987,-0.122267887699677,0.5079365079365079,Ridge_Regression,2,AMD
0.0018141049334556,0.0425923107315818,0.0336769102546834,-0.0302653955414966,0.4444444444444444,Random_Forest,2,AMD
0.0017899090602946,0.0423073168647536,0.0333077594148513,-0.0165240896374556,0.5079365079365079,XGBoost,2,AMD
0.0018010099599473,0.0424383076941975,0.0334380568101611,-0.0228285059700852,0.3968253968253968,LSTM,2,AMD
0.001794125932914,0.0423571237563884,0.0333124828796901,-0.0189189334290122,0.3968253968253968,GRU,2,AMD
0.0017921755844127,0.0423340948221737,0.0324492379762061,-0.0178112926674507,0.5873015873015873,Transformer,2,AMD
0.0017879150861898,0.0422837449404599,0.0332729227116356,-0.0153916730490388,0.4761904761904761,Stacked_Ensemble,2,AMD
0.0017196572607117,0.0414687504117463,0.0326043990318309,-0.7318322050903845,0.6031746031746031,Naive,3,AMD
0.0011320815196634,0.0336464191209623,0.0268027000414964,-0.1400965060499432,0.492063492063492,Ridge_Regression,3,AMD
0.0010070723299419,0.0317344029397424,0.0254032471625695,-0.0142022679141466,0.5238095238095238,Random_Forest,3,AMD
0.0010500770279113,0.0324048920367182,0.0262912941344444,-0.0575114334177566,0.492063492063492,XGBoost,3,AMD
0.001008666971571,0.0317595178107449,0.0255431091887892,-0.0158081993935994,0.4603174603174603,LSTM,3,AMD
0.0010100897966725,0.0317819098965522,0.0255632103267511,-0.0172410979073633,0.4603174603174603,GRU,3,AMD
0.001003489186811,0.0316778974493425,0.0254408281106894,-0.0105937566071174,0.4603174603174603,Transformer,3,AMD
0.0010088221088778,0.0317619600918744,0.025658331916105,-0.0159644350518648,0.5238095238095238,Stacked_Ensemble,3,AMD
0.0030107995090468,0.0548707527654472,0.0401858015577296,-1.015136180421643,0.5555555555555556,Naive,4,AMD
0.0017496603234878,0.0418289412188241,0.029498326955567,-0.1710523436430326,0.4444444444444444,Ridge_Regression,4,AMD
0.0015195524584366,0.0389814373572423,0.0277638672269122,-0.0170405328695131,0.5079365079365079,Random_Forest,4,AMD
0.0016603515932653,0.0407474121051301,0.0289679663173012,-0.1112777711554993,0.492063492063492,XGBoost,4,AMD
0.0014985614954659,0.0387112579938441,0.027561015688067,-0.0029912250969617,0.5555555555555556,LSTM,4,AMD
0.0015339690886048,0.0391659174360167,0.0281485953717736,-0.026689622078061,0.4444444444444444,GRU,4,AMD
0.0016149006248915,0.0401858261690803,0.0296821219663519,-0.080857316213228,0.4444444444444444,Transformer,4,AMD
0.0015774342405148,0.0397169263729561,0.0281772015698812,-0.0557809647390588,0.5079365079365079,Stacked_Ensemble,4,AMD
0.0018571852744238,0.0430950725074673,0.0341977505852507,-0.7742470256835212,0.5079365079365079,Naive,5,AMD
0.0010941403965663,0.0330777931030218,0.0246359410135278,-0.0452782342301298,0.5079365079365079,Ridge_Regression,5,AMD
0.0010706806566435,0.0327212569539063,0.0245160085313733,-0.0228661602413489,0.5238095238095238,Random_Forest,5,AMD
0.0011252198790582,0.0335442972658287,0.0248937724606332,-0.0749697680423748,0.5873015873015873,XGBoost,5,AMD
0.0010805365701928,0.0328715160920941,0.0246184440643998,-0.0322819280384343,0.5396825396825397,LSTM,5,AMD
0.0010785739175234,0.0328416491291683,0.0246048455721786,-0.0304069235846025,0.5396825396825397,GRU,5,AMD
0.0010758546411429,0.0328002231873954,0.0245868099284445,-0.0278090847494216,0.5396825396825397,Transformer,5,AMD
0.0010854525643805,0.0329462071319377,0.0246005382527284,-0.0369783835757406,0.6190476190476191,Stacked_Ensemble,5,AMD
0.0020193049585587,0.0449366772086981,0.032998983933385,-0.911895645799394,0.6349206349206349,Naive,6,AMD
0.0010910944965416,0.0330317195516921,0.0247259252125895,-0.0330578391599472,0.492063492063492,Ridge_Regression,6,AMD
0.0010109423947504,0.0317953203278474,0.0241035836378809,0.042830873818636,0.6031746031746031,Random_Forest,6,AMD
0.0009754490781431,0.0312321801695482,0.0234490257614198,0.0764362572892511,0.5873015873015873,XGBoost,6,AMD
0.0010564781135749,0.032503509250155,0.0244063942114509,-0.0002827441516863,0.5396825396825397,LSTM,6,AMD
0.0010571547216788,0.0325139158158288,0.0243588815577827,-0.0009233626388858,0.5396825396825397,GRU,6,AMD
0.0010565269234589,0.0325042600817026,0.0242655163948503,-0.0003289577780147,0.5396825396825397,Transformer,6,AMD
0.0009963255735384,0.0315646253508331,0.0237327537665109,0.0566702083441871,0.6031746031746031,Stacked_Ensemble,6,AMD
0.0014186317355137,0.0376647280026524,0.0288255764520102,-1.2930096567564648,0.5238095238095238,Naive,7,AMD
0.0007083311773803,0.0266144918677842,0.0200731529511434,-0.1449132211373915,0.4603174603174603,Ridge_Regression,7,AMD
0.0006477354161291,0.0254506466740851,0.0194664939725334,-0.0469690808582707,0.5079365079365079,Random_Forest,7,AMD
0.0007718034676332,0.0277813510764546,0.0215446066352776,-0.247506847688103,0.4444444444444444,XGBoost,7,AMD
0.0006212639364589,0.0249251667288104,0.0192360701012055,-0.0041818253692702,0.5238095238095238,LSTM,7,AMD
0.0006243829320572,0.0249876555934584,0.0192480605062856,-0.0092232232509348,0.4761904761904761,GRU,7,AMD
0.0006849255291328,0.0261710819251481,0.0204245681426856,-0.1070814314553412,0.5396825396825397,Transformer,7,AMD
0.000699035578286,0.0264392809714265,0.0204428389877186,-0.1298882516861934,0.4285714285714285,Stacked_Ensemble,7,AMD
0.0015724797994972,0.0396545054123389,0.0326325532866332,-1.2940312148576751,0.2698412698412698,Naive,8,AMD
0.00080090698842,0.0283003001471721,0.0220717832179594,-0.1684128675107032,0.4126984126984127,Ridge_Regression,8,AMD
0.0007105847934743,0.0266567963843053,0.0187930545185471,-0.0366452386571047,0.4444444444444444,Random_Forest,8,AMD
0.0007340304325901,0.0270929960061663,0.0202428828346203,-0.0708491934558865,0.4761904761904761,XGBoost,8,AMD
0.0007022987761588,0.0265009202889033,0.0184315998338632,-0.0245570818650722,0.5555555555555556,LSTM,8,AMD
0.0006911768211153,0.026290241937178,0.0184813298377597,-0.0083316829454318,0.5555555555555556,GRU,8,AMD
0.0006909871714908,0.0262866348453142,0.0184945546400783,-0.008055010292111,0.5714285714285714,Transformer,8,AMD
0.0007161296866158,0.0267605995189922,0.0196450974178363,-0.04473447322399,0.4285714285714285,Stacked_Ensemble,8,AMD
0.0020873990998777,0.0456880629910896,0.0365671855322826,-0.9327081928983808,0.4761904761904761,Naive,9,AMD
0.0011681782254405,0.0341786223455625,0.0260335721354474,-0.0816080294404244,0.6507936507936508,Ridge_Regression,9,AMD
0.0010942374366887,0.033079259917489,0.0244272199302444,-0.0131467714958768,0.6031746031746031,Random_Forest,9,AMD
0.0012487535594116,0.035337707331003,0.025720379667529,-0.1562121662921043,0.5555555555555556,XGBoost,9,AMD
0.0010834496664697,0.032915796609982,0.0247195692557982,-0.0031584506775104,0.492063492063492,LSTM,9,AMD
0.0010937426191437,0.0330717798000611,0.024651798199526,-0.0126886233998089,0.492063492063492,GRU,9,AMD
0.0010899728166029,0.0330147363551934,0.0246398241764223,-0.0091981896554251,0.492063492063492,Transformer,9,AMD
0.0011540599654741,0.0339714581005015,0.0248558475967018,-0.0685360315133196,0.5555555555555556,Stacked_Ensemble,9,AMD
0.0017476725863006,0.0418051741570424,0.0308447786136581,-1.320803000655002,0.4444444444444444,Naive,10,AMD
0.0008001945577481,0.0282877103659556,0.0209157525468378,-0.0626097504114233,0.5396825396825397,Ridge_Regression,10,AMD
0.0008331247302173,0.0288639001213862,0.0215111734842016,-0.1063390185120896,0.492063492063492,Random_Forest,10,AMD
0.0009515810389246,0.0308477071907241,0.0229210607049737,-0.2636417987063599,0.365079365079365,XGBoost,10,AMD
0.0007562586767956,0.0275001577594675,0.0199665154627004,-0.0042655701854057,0.492063492063492,LSTM,10,AMD
0.0007691855631114,0.027734194834382,0.0200143991283034,-0.0214316897355637,0.5079365079365079,GRU,10,AMD
0.0007793934000295,0.0279176180937697,0.0200028957903471,-0.0349870769033056,0.5079365079365079,Transformer,10,AMD
0.0008549089328015,0.0292388257767221,0.021573289787096,-0.1352671158688065,0.3968253968253968,Stacked_Ensemble,10,AMD
0.0023626537447265,0.0486071367674185,0.0391590401659216,-1.1254155324555213,0.4126984126984127,Naive,11,AMD
0.0012158879064252,0.0348695842594264,0.0274448785612478,-0.0937984661566027,0.492063492063492,Ridge_Regression,11,AMD
0.0012230020287273,0.0349714459055859,0.0272141504862557,-0.1001982469430931,0.5079365079365079,Random_Forest,11,AMD
0.0011447720303675,0.0338344799039017,0.0251074595540426,-0.0298234601217117,0.5396825396825397,XGBoost,11,AMD
0.0011231229333039,0.0335130263226692,0.025247879323466,-0.01034818691871,0.4603174603174603,LSTM,11,AMD
0.0011082443556852,0.0332903042293879,0.0249887095820506,0.0030364065885895,0.5396825396825397,GRU,11,AMD
0.0010997703372343,0.0331627854263528,0.0246825993825281,0.0106595339630584,0.5873015873015873,Transformer,11,AMD
0.0011350351416726,0.033690282600071,0.0252139885646572,-0.021064269522542,0.492063492063492,Stacked_Ensemble,11,AMD
0.0011684977001318,0.0341832956300561,0.0256126413935457,-0.7494783318670519,0.6190476190476191,Naive,12,AMD
0.0008468954644058,0.0291014684235326,0.0221257711363491,-0.2679744805380561,0.4126984126984127,Ridge_Regression,12,AMD
0.000716802838277,0.0267731738551312,0.0197574714447992,-0.0731994026561602,0.5079365079365079,Random_Forest,12,AMD
0.0008534605868282,0.0292140477652152,0.0222971230656784,-0.2778038019160604,0.365079365079365,XGBoost,12,AMD
0.0007098512010091,0.0266430328793321,0.019550497313436,-0.0627913900688559,0.4444444444444444,LSTM,12,AMD
0.0007022275616623,0.0264995766317577,0.0194161610188149,-0.0513772539129611,0.4444444444444444,GRU,12,AMD
0.0006963775551452,0.0263889665418186,0.0192972453878374,-0.0426186062562952,0.4444444444444444,Transformer,12,AMD
0.000785046254594,0.0280186768887113,0.0210915847414437,-0.1753736543689112,0.365079365079365,Stacked_Ensemble,12,AMD
0.0015015970263549,0.0387504454987929,0.0317052219078486,-0.9992752722325656,0.4761904761904761,Naive,13,AMD
0.00085198054432,0.0291887057664444,0.0230712773306783,-0.134354693560605,0.5714285714285714,Ridge_Regression,13,AMD
0.0007473593392107,0.0273378737141481,0.0213411246137327,0.0049413923100846,0.5079365079365079,Random_Forest,13,AMD
0.0008225461885108,0.0286800660478821,0.0231261508393819,-0.095164831906277,0.492063492063492,XGBoost,13,AMD
0.0007590599369038,0.027551042392328,0.0216335932154439,-0.0106371652041366,0.5238095238095238,LSTM,13,AMD
0.000755141911218,0.0274798455457454,0.0216303060832117,-0.005420577975888,0.5238095238095238,GRU,13,AMD
0.0007852250516659,0.0280218673836345,0.0218410149429032,-0.0454742526656486,0.5238095238095238,Transformer,13,AMD
0.0007860762021142,0.0280370505245162,0.0221942382416214,-0.0466075021422554,0.5396825396825397,Stacked_Ensemble,13,AMD
0.0043411147957944,0.0658871368007018,0.0379881975228308,-1.2547762705619432,0.5714285714285714,Naive,14,AMD
0.0022106082016532,0.0470171054155105,0.0328710086622518,-0.1481905342439091,0.3492063492063492,Ridge_Regression,14,AMD
0.0020217747308401,0.0449641493952695,0.0303600624629852,-0.0501103753202767,0.3968253968253968,Random_Forest,14,AMD
0.0020893965318453,0.045709917215472,0.0316098341029768,-0.0852331581655641,0.3809523809523809,XGBoost,14,AMD
0.0019340629114769,0.0439779821214769,0.028835896416227,-0.0045528311752776,0.5555555555555556,LSTM,14,AMD
0.0019305300813361,0.0439377978662583,0.028780653891122,-0.0027178781864642,0.5555555555555556,GRU,14,AMD
0.0019713113451588,0.0443994520817409,0.029333246716576,-0.0238996783175924,0.4761904761904761,Transformer,14,AMD
0.0020495158156028,0.0452715784527429,0.0309697245635616,-0.0645191027059823,0.3809523809523809,Stacked_Ensemble,14,AMD
0.0012972619889572,0.0360175233595712,0.0274162531176042,-0.9519671747622128,0.5555555555555556,Naive,15,AMD
0.0008445653630314,0.0290614067627748,0.0221607483240333,-0.2708025669538421,0.4126984126984127,Ridge_Regression,15,AMD
0.0007074628495148,0.0265981738003726,0.0200085903692277,-0.0645068393059842,0.4603174603174603,Random_Forest,15,AMD
0.0007222528362391,0.0268747620685128,0.02025198611368,-0.086761070792642,0.4603174603174603,XGBoost,15,AMD
0.000665590868748,0.0257990478263846,0.0192972605653318,-0.0015028102858636,0.5238095238095238,LSTM,15,AMD
0.0006663566959755,0.025813885720201,0.0193024827617195,-0.0026551369726655,0.5238095238095238,GRU,15,AMD
0.0006873110045607,0.0262166169549157,0.0197635790882664,-0.0341847145570517,0.4603174603174603,Transformer,15,AMD
0.0007122828694144,0.0266886280916501,0.0201317523292745,-0.0717594380144801,0.4444444444444444,Stacked_Ensemble,15,AMD
0.004340568413069,0.06588299031669,0.0496831204305571,-1.0612055617370415,0.4285714285714285,Naive,16,AMD
0.0023578263946714,0.0485574545736439,0.0345922293420797,-0.119660932811094,0.4126984126984127,Ridge_Regression,16,AMD
0.0022173245475436,0.0470884757402877,0.0320287518490539,-0.052940825863295,0.4603174603174603,Random_Forest,16,AMD
0.0022584679413781,0.0475233410165795,0.032899408630944,-0.0724785877713773,0.4761904761904761,XGBoost,16,AMD
0.002113514606109,0.0459729769115405,0.0309013969793729,-0.0036446028146268,0.5396825396825397,LSTM,16,AMD
0.002125623852256,0.0461044884176806,0.030949757208544,-0.0093949200844813,0.5396825396825397,GRU,16,AMD
0.0021402611632374,0.046262956706608,0.0309847214640183,-0.0163457394087427,0.5238095238095238,Transformer,16,AMD
0.0022175502012289,0.0470908717399554,0.0324704978296464,-0.0530479820204714,0.5079365079365079,Stacked_Ensemble,16,AMD
0.0032229999089609,0.0567714709071458,0.0412633448542582,-0.968915782310244,0.5079365079365079,Naive,17,AMD
0.0019306232886743,0.0439388585272122,0.0295749101101881,-0.1794088644551676,0.5238095238095238,Ridge_Regression,17,AMD
0.0016253213355994,0.0403152742220548,0.0276599287399969,0.0070986908531718,0.5238095238095238,Random_Forest,17,AMD
0.0016531167731349,0.0406585387481511,0.027654247656514,-0.0098814137653746,0.5555555555555556,XGBoost,17,AMD
0.0016406997866742,0.0405055525412788,0.0273936469783409,-0.0022959339944752,0.4761904761904761,LSTM,17,AMD
0.0016468790877193,0.0405817580659011,0.0275070318337937,-0.0060708405085543,0.4761904761904761,GRU,17,AMD
0.0016367595456739,0.0404568850218837,0.0272169481068576,0.000111141063201,0.5238095238095238,Transformer,17,AMD
0.0016352672835825,0.0404384381941555,0.0274166084419638,0.0010227570936224,0.5714285714285714,Stacked_Ensemble,17,AMD
0.0052307612836406,0.0723240021268223,0.0564770161268669,-1.2606227237161471,0.5714285714285714,Naive,18,AMD
0.0036842233849149,0.0606978037898815,0.0478584038522183,-0.5922422476501255,0.4444444444444444,Ridge_Regression,18,AMD
0.0041078863902464,0.0640927951508317,0.0496633634781941,-0.7753403026207675,0.4126984126984127,Random_Forest,18,AMD
0.0031749710550169,0.0563468815021466,0.0433582214999773,-0.3721543241822145,0.4761904761904761,XGBoost,18,AMD
0.0025943668558333,0.0509349276610204,0.0392465949451483,-0.1212296547150053,0.3492063492063492,LSTM,18,AMD
0.0025011801977643,0.0500118005851053,0.0383389075919907,-0.0809563817906806,0.6507936507936508,GRU,18,AMD
0.0025167346725118,0.0501670676092574,0.0383391793975383,-0.0876786918260377,0.5555555555555556,Transformer,18,AMD
0.0032412226584928,0.0569317368301097,0.0435831672240027,-0.4007868447999498,0.4761904761904761,Stacked_Ensemble,18,AMD
0.0008519846988118,0.0291887769324425,0.0178623427984712,-1.0608435127156564,0.5873015873015873,Naive,0,INTC
0.0004132028525051,0.0203273916798278,0.013780096554221,0.0005144233126426,0.5238095238095238,Ridge_Regression,0,INTC
0.0004482300385477,0.0211714439410203,0.0141302520530289,-0.0842119212159717,0.4285714285714285,Random_Forest,0,INTC
0.0004294844565174,0.0207240067679346,0.0135466836128165,-0.0388687229481732,0.5079365079365079,XGBoost,0,INTC
0.0004143111056265,0.0203546335173714,0.0123081798683308,-0.0021663011872232,0.3968253968253968,LSTM,0,INTC
0.0004186714309558,0.0204614620923301,0.0122679154203652,-0.0127133781252031,0.5396825396825397,GRU,0,INTC
0.0004434985015084,0.0210594041109543,0.0133438577282401,-0.0727669299782332,0.4603174603174603,Transformer,0,INTC
0.0004107673817211,0.0202673970139519,0.0126920801482744,0.0064055199163541,0.5238095238095238,Stacked_Ensemble,0,INTC
0.000817955287356,0.0285999176110018,0.0223674697160186,-0.9050426206332428,0.492063492063492,Naive,1,INTC
0.0004931331818679,0.0222066022134855,0.016884403125727,-0.1485221058275316,0.5079365079365079,Ridge_Regression,1,INTC
0.0005408453076123,0.0232560810888748,0.0158594473433338,-0.2596450907498233,0.4603174603174603,Random_Forest,1,INTC
0.0005058169041005,0.0224903735873944,0.01635380214893,-0.1780628787950366,0.4603174603174603,XGBoost,1,INTC
0.0004630682487457,0.0215190206270109,0.0159891675816901,-0.0784999666351555,0.4603174603174603,LSTM,1,INTC
0.0004327930598807,0.0208036789986942,0.0151349074751871,-0.007988135454267,0.4603174603174603,GRU,1,INTC
0.0006543482071491,0.0255802307876438,0.0196776988041994,-0.523996779070071,0.5238095238095238,Transformer,1,INTC
0.0004526856122027,0.021276409758293,0.0153490156727689,-0.0543184918839216,0.492063492063492,Stacked_Ensemble,1,INTC
0.0014253974868001,0.0377544366505472,0.0303992445477881,-1.3251411626376286,0.4126984126984127,Naive,2,INTC
0.0006562402612131,0.0256171868325379,0.0204734551393668,-0.0704742067085433,0.5079365079365079,Ridge_Regression,2,INTC
0.0006500764203303,0.0254965962498997,0.0202636853098701,-0.0604196077007801,0.4444444444444444,Random_Forest,2,INTC
0.0006555993452827,0.0256046742858165,0.020356225908997,-0.0694287299026914,0.5873015873015873,XGBoost,2,INTC
0.0007498566434453,0.0273835104295506,0.0217457392475375,-0.2231834024528394,0.4444444444444444,LSTM,2,INTC
0.000626578562597,0.0250315513421977,0.0197945893775515,-0.0220893617479875,0.4444444444444444,GRU,2,INTC
0.0007099840859043,0.026645526564591,0.0209153586927852,-0.1581423695783548,0.4444444444444444,Transformer,2,INTC
0.0006307950711769,0.0251156339991033,0.0199651701182681,-0.0289674275172797,0.492063492063492,Stacked_Ensemble,2,INTC
0.0011139212677194,0.0333754590638012,0.026034434777623,-1.119989698268613,0.5396825396825397,Naive,3,INTC
0.0006163597125681,0.0248265928505736,0.0183216321994688,-0.1730418288425748,0.4761904761904761,Ridge_Regression,3,INTC
0.0005476053024037,0.0234009679800585,0.0173939053405088,-0.0421899944418049,0.5079365079365079,Random_Forest,3,INTC
0.0005879642585752,0.0242479743190075,0.0176453265992152,-0.1190002446775979,0.5079365079365079,XGBoost,3,INTC
0.0005697978834228,0.0238704395314123,0.0166927134770613,-0.084426411414779,0.4761904761904761,LSTM,3,INTC
0.0005397162935266,0.0232317948838798,0.0171217283669564,-0.0271758116323161,0.4285714285714285,GRU,3,INTC
0.0008085259451193,0.0284345906444835,0.0210299372530552,-0.5387682452146036,0.3968253968253968,Transformer,3,INTC
0.0005462863855419,0.0233727701726167,0.016782029996642,-0.0396798617772813,0.4444444444444444,Stacked_Ensemble,3,INTC
0.0015599670427475,0.0394964181002219,0.0288816268835253,-1.165435327288809,0.5555555555555556,Naive,4,INTC
0.0007949219801001,0.0281943607854504,0.0201120460319085,-0.1034541698492843,0.5555555555555556,Ridge_Regression,4,INTC
0.0008336672604539,0.0288732966675777,0.0204310178561391,-0.1572376130533628,0.5714285714285714,Random_Forest,4,INTC
0.0008062759031765,0.0283949978548435,0.0202631528758067,-0.1192148785433035,0.5714285714285714,XGBoost,4,INTC
0.0007224400701692,0.0268782452955785,0.0197451768630444,-0.0028399363093283,0.3968253968253968,LSTM,4,INTC
0.0007242042711107,0.0269110436644651,0.0197231047710677,-0.0052888746127572,0.5079365079365079,GRU,4,INTC
0.0009421773465394,0.0306949075017248,0.0249257221968861,-0.3078635989478,0.3333333333333333,Transformer,4,INTC
0.0007446560149441,0.0272883860817036,0.0195712510485676,-0.0336785311810376,0.5555555555555556,Stacked_Ensemble,4,INTC
0.000914071083183,0.030233608504164,0.024440986893436,-0.5869077027499299,0.5873015873015873,Naive,5,INTC
0.0006919639024009,0.0263052067545747,0.0203368222199758,-0.2013101245048549,0.492063492063492,Ridge_Regression,5,INTC
0.000608344136109,0.0246646333057892,0.0194579290551532,-0.0561388641159545,0.5079365079365079,Random_Forest,5,INTC
0.0006047844873619,0.0245923664449357,0.0191377779929218,-0.0499590011712676,0.5873015873015873,XGBoost,5,INTC
0.0005764651882065,0.0240096894650164,0.0195216942763538,-0.000794209949763,0.5079365079365079,LSTM,5,INTC
0.0005774813093827,0.024030840796418,0.01952325315316,-0.0025582855793493,0.4761904761904761,GRU,5,INTC
0.0010576825319016,0.0325220314848518,0.0265211443049495,-0.836229794179707,0.4603174603174603,Transformer,5,INTC
0.0005780055945945,0.0240417469122886,0.0192389402204378,-0.0034684907660884,0.5079365079365079,Stacked_Ensemble,5,INTC
0.0012050052982659,0.0347131862303937,0.0262251185604114,-0.6858871831982942,0.6190476190476191,Naive,6,INTC
0.0007452014365633,0.0272983779108455,0.0216425914137328,-0.0425892339319529,0.492063492063492,Ridge_Regression,6,INTC
0.0007194414652768,0.0268224060307201,0.0211924625785176,-0.0065492219137459,0.4603174603174603,Random_Forest,6,INTC
0.0007164562508983,0.0267667004111148,0.0210659105354674,-0.0023726969914543,0.4444444444444444,XGBoost,6,INTC
0.0007276147257313,0.0269743345743933,0.0210863265252633,-0.0179841882703386,0.492063492063492,LSTM,6,INTC
0.0007235256890627,0.0268984328365568,0.0210537313223594,-0.0122633383113683,0.492063492063492,GRU,6,INTC
0.0007354077975518,0.0271184033001916,0.0209957682331276,-0.0288872439821146,0.4761904761904761,Transformer,6,INTC
0.0007143594722498,0.0267275040407797,0.0210887868331448,0.0005608438440618,0.4603174603174603,Stacked_Ensemble,6,INTC
0.0009759821995001,0.0312407138122698,0.0243484400295989,-0.9925350441792068,0.5555555555555556,Naive,7,INTC
0.000506387827804,0.022503062631653,0.0175817550281557,-0.0338257125613699,0.5714285714285714,Ridge_Regression,7,INTC
0.0004912042055562,0.0221631271610351,0.0173402235806079,-0.0028272994325369,0.5396825396825397,Random_Forest,7,INTC
0.0005320070586841,0.023065278205219,0.0179903131776352,-0.0861291412095279,0.5396825396825397,XGBoost,7,INTC
0.0004934612870979,0.0222139885454623,0.0175536020219618,-0.0074352872336989,0.4126984126984127,LSTM,7,INTC
0.0004920546831025,0.0221823056308975,0.0174647368894722,-0.004563608062178,0.3809523809523809,GRU,7,INTC
0.0004959414198304,0.0222697422488547,0.0176831334405007,-0.012498649440757,0.4126984126984127,Transformer,7,INTC
0.0004909969026,0.0221584499141991,0.0174519621740131,-0.0024040761349342,0.5873015873015873,Stacked_Ensemble,7,INTC
0.0009555356300633,0.0309117393568094,0.0230628538444141,-0.933496135306352,0.492063492063492,Naive,8,INTC
0.0005335524413287,0.0230987541077159,0.0169390777334746,-0.0796264951669001,0.5079365079365079,Ridge_Regression,8,INTC
0.0005252628328024,0.0229186132390791,0.0171376262250068,-0.062852734414923,0.4444444444444444,Random_Forest,8,INTC
0.000542922500211,0.0233006974189832,0.0170207338089374,-0.0985865130526766,0.4603174603174603,XGBoost,8,INTC
0.0005286181993925,0.0229916984886399,0.0172119329071852,-0.0696422126198732,0.4126984126984127,LSTM,8,INTC
0.0005082131353631,0.0225435830196354,0.0168356284406787,-0.0283532107238579,0.5873015873015873,GRU,8,INTC
0.0005134939919954,0.0226604058215075,0.0169442900033801,-0.0390388571490216,0.5873015873015873,Transformer,8,INTC
0.0005211700710679,0.0228291495914313,0.0168951812943808,-0.0545711604500147,0.4126984126984127,Stacked_Ensemble,8,INTC
0.0015478461728691,0.039342676229117,0.0269575769425687,-1.259292385317842,0.492063492063492,Naive,9,INTC
0.0007492959384997,0.0273732705115736,0.0183604672204302,-0.0936995147677919,0.5396825396825397,Ridge_Regression,9,INTC
0.0006743831998353,0.0259688890758797,0.0169408102678412,0.0156458342691558,0.5079365079365079,Random_Forest,9,INTC
0.0007490650949539,0.0273690535998955,0.018186950131701,-0.0933625671599249,0.5714285714285714,XGBoost,9,INTC
0.0006861769530839,0.0261949795396738,0.0172583594552423,-0.001568755511079,0.4285714285714285,LSTM,9,INTC
0.0006859828187802,0.0261912737143551,0.0172724008612201,-0.0012853900438398,0.4285714285714285,GRU,9,INTC
0.0006852674187747,0.0261776129311804,0.0173349961269158,-0.0002411662615557,0.4285714285714285,Transformer,9,INTC
0.0006945313329746,0.0263539623771196,0.0170568250648008,-0.0137631112564837,0.5714285714285714,Stacked_Ensemble,9,INTC
0.0011033373955092,0.0332165229292471,0.0248769216851075,-1.0234468103134549,0.4761904761904761,Naive,10,INTC
0.000627061009944,0.0250411862726988,0.0175504324758382,-0.1499878510485446,0.5873015873015873,Ridge_Regression,10,INTC
0.0005658985294933,0.0237886218493909,0.0168849196414655,-0.0378199625291186,0.4761904761904761,Random_Forest,10,INTC
0.000522230887304,0.0228523715903641,0.0164645850836391,0.0422635655569982,0.5238095238095238,XGBoost,10,INTC
0.0006115010792893,0.0247285478605063,0.0171479622768028,-0.1214519814405701,0.4603174603174603,LSTM,10,INTC
0.0005970295249996,0.024434187627168,0.0170122666253642,-0.0949121211159298,0.4603174603174603,GRU,10,INTC
0.0005584339834324,0.023631207828473,0.0167047341479606,-0.024130485512648,0.5396825396825397,Transformer,10,INTC
0.000546016592934,0.0233669979444087,0.01655971321884,-0.0013578238600668,0.5396825396825397,Stacked_Ensemble,10,INTC
0.0044254275826549,0.0665238873086575,0.0468265042754729,-0.7186923255094584,0.4444444444444444,Naive,11,INTC
0.0026967773716459,0.0519305052126969,0.0311860202313193,-0.0473407339036791,0.5555555555555556,Ridge_Regression,11,INTC
0.002582586039473,0.0508191503222266,0.0303095606304202,-0.002992529672648,0.5396825396825397,Random_Forest,11,INTC
0.0026580227301852,0.0515560154607128,0.0317086058651688,-0.032289689996104,0.5238095238095238,XGBoost,11,INTC
0.0025846048259795,0.0508390089004456,0.0309146588269526,-0.00377656077717,0.492063492063492,LSTM,11,INTC
0.0025967938340346,0.050958746393869,0.0308974804984298,-0.0085103755800444,0.4761904761904761,GRU,11,INTC
0.0025011092582373,0.050011091352193,0.0305917088840734,0.0286504056147356,0.5238095238095238,Transformer,11,INTC
0.0025891420239042,0.0508836125280451,0.0307412734382276,-0.0055386610729604,0.5079365079365079,Stacked_Ensemble,11,INTC
0.001377658350217,0.037116820313936,0.0306309016858626,-0.7910355923235768,0.5238095238095238,Naive,12,INTC
0.0008908496895394,0.029847105212055,0.0224015475938791,-0.1581561576019854,0.5396825396825397,Ridge_Regression,12,INTC
0.0009407875367403,0.0306722600526976,0.0235951043267108,-0.2230782492995413,0.4285714285714285,Random_Forest,12,INTC
0.0009403638433496,0.0306653524902238,0.0232344158604683,-0.2225274233689085,0.492063492063492,XGBoost,12,INTC
0.0007746416035546,0.0278323840796043,0.0220121978838453,-0.0070789198514813,0.4444444444444444,LSTM,12,INTC
0.0007532765813574,0.0274458845978316,0.0217082530474393,0.0206968455839763,0.5555555555555556,GRU,12,INTC
0.0007594754944436,0.0275585829542022,0.0216923907371039,0.0126378997870948,0.5555555555555556,Transformer,12,INTC
0.0008553340931212,0.0292460953482898,0.022279523008628,-0.1119838266625945,0.4761904761904761,Stacked_Ensemble,12,INTC
0.0030312683296422,0.055056955324847,0.0389915769537208,-0.8010281304088751,0.5396825396825397,Naive,13,INTC
0.0016979907813096,0.0412066836970607,0.0289509136738494,-0.0088612520405031,0.5238095238095238,Ridge_Regression,13,INTC
0.0028754286493494,0.0536230235006329,0.0342345121668321,-0.7084359816714774,0.3492063492063492,Random_Forest,13,INTC
0.0019439626746734,0.0440903920902672,0.0312897581350598,-0.1550054567307492,0.4603174603174603,XGBoost,13,INTC
0.0016997848101772,0.0412284466136827,0.0283285448745075,-0.0099271743232178,0.5396825396825397,LSTM,13,INTC
0.0016898399066865,0.041107662384117,0.0284496292155412,-0.0040184097424418,0.4444444444444444,GRU,13,INTC
0.0017124357523385,0.041381587117202,0.0285111821998218,-0.0174437318268418,0.5396825396825397,Transformer,13,INTC
0.0019098773752056,0.043702143828486,0.03001539466715,-0.1347536754632727,0.3968253968253968,Stacked_Ensemble,13,INTC
0.0043191433947644,0.0657201901607447,0.0448446432772736,-1.62443497036854,0.4761904761904761,Naive,14,INTC
0.0015804192963433,0.0397544877509872,0.0279936991732618,0.0396920662100293,0.5555555555555556,Ridge_Regression,14,INTC
0.0016584348033575,0.040723884924667,0.0282793817490987,-0.0077123855817573,0.5396825396825397,Random_Forest,14,INTC
0.0017306648710165,0.0416012604498532,0.0292802806840171,-0.0516014390700347,0.4285714285714285,XGBoost,14,INTC
0.0016486885001144,0.0406040453663726,0.0279012176734361,-0.0017902531760656,0.4603174603174603,LSTM,14,INTC
0.0016459850597599,0.0405707414248246,0.0277617165132775,-0.0001475655507479,0.5238095238095238,GRU,14,INTC
0.0016398522465974,0.0404950891664335,0.0280778337818293,0.0035789070063155,0.5555555555555556,Transformer,14,INTC
0.0016520691811125,0.0406456539018944,0.0281221239932664,-0.0038444515724276,0.4761904761904761,Stacked_Ensemble,14,INTC
0.0035182121180855,0.0593145186112606,0.0397872809837468,-1.1181238643758094,0.492063492063492,Naive,15,INTC
0.001620163407019,0.0402512534838236,0.0254823648222213,0.0245878698005391,0.5555555555555556,Ridge_Regression,15,INTC
0.0018090744755343,0.0425332161437894,0.027874988061721,-0.0891451937660452,0.5714285714285714,Random_Forest,15,INTC
0.001732411470156,0.041622247298242,0.0270298657790149,-0.0429905743865615,0.5396825396825397,XGBoost,15,INTC
0.0016949514218681,0.0411697877316387,0.0269240991969054,-0.0204379199200406,0.4761904761904761,LSTM,15,INTC
0.0017228472111479,0.041507194691378,0.0266791589347963,-0.0372324550435299,0.5873015873015873,GRU,15,INTC
0.0016967604821676,0.0411917525988839,0.0269639110648081,-0.0215270565791678,0.4761904761904761,Transformer,15,INTC
0.0017020922217084,0.0412564203695428,0.0265719115378116,-0.024737006514218,0.5396825396825397,Stacked_Ensemble,15,INTC
0.0024026947443013,0.0490172902586563,0.0399359652571656,-1.232052394276217,0.5079365079365079,Naive,16,INTC
0.0011395158302854,0.0337567153361432,0.0253801663667329,-0.0585860077884166,0.5238095238095238,Ridge_Regression,16,INTC
0.0012405982787704,0.0352221276865892,0.0271090253645328,-0.1524894558628537,0.5396825396825397,Random_Forest,16,INTC
0.0014102873822711,0.0375537931808644,0.0278950217084344,-0.3101270295287264,0.492063492063492,XGBoost,16,INTC
0.0010743551415045,0.0327773571464287,0.0251248486071664,0.0019468883487115,0.5079365079365079,LSTM,16,INTC
0.0010835144429643,0.0329167805680371,0.0251629742683232,-0.0065619082021859,0.492063492063492,GRU,16,INTC
0.0010754958511592,0.0327947534090325,0.0250494647098863,0.0008871933033878,0.492063492063492,Transformer,16,INTC
0.0012029358449819,0.0346833655371272,0.0255965979795177,-0.1175018546658746,0.5079365079365079,Stacked_Ensemble,16,INTC
0.00481713464403,0.0694055807844735,0.0557346732708787,-1.134007998122549,0.4285714285714285,Naive,17,INTC
0.0024099771043301,0.0490915176413416,0.0353200781045272,-0.06762853770476,0.4603174603174603,Ridge_Regression,17,INTC
0.0023531234272352,0.0485090035687733,0.0352234397528777,-0.0424421539707,0.4444444444444444,Random_Forest,17,INTC
0.0022603025236044,0.0475426390054696,0.0348753282865338,-0.0013221593310019,0.5396825396825397,XGBoost,17,INTC
0.0022603741554072,0.0475433923422303,0.0342780167312022,-0.0013538924776694,0.5238095238095238,LSTM,17,INTC
0.0022685736542721,0.0476295460221082,0.0343668166047903,-0.0049863000085528,0.4761904761904761,GRU,17,INTC
0.0022660267749648,0.0476028021755533,0.0343272161715099,-0.0038580233018423,0.4761904761904761,Transformer,17,INTC
0.00226508570861,0.0475929165802016,0.0346688502421104,-0.0034411275170291,0.492063492063492,Stacked_Ensemble,17,INTC
0.006629003364309,0.0814186917378871,0.066296874073666,-0.9848495832996556,0.492063492063492,Naive,18,INTC
0.0043628375130817,0.0660517790304073,0.0499680255102346,-0.3063164617577463,0.365079365079365,Ridge_Regression,18,INTC
0.0047768330457131,0.0691146369860475,0.0534088378924972,-0.430274591701602,0.4603174603174603,Random_Forest,18,INTC
0.0044213474907346,0.0664932138697979,0.050453289707343,-0.323835460976928,0.5079365079365079,XGBoost,18,INTC
0.0036529640718123,0.0604397557226393,0.0454461423782133,-0.0937668631732517,0.5555555555555556,LSTM,18,INTC
0.0037179886182743,0.0609753115471689,0.0452716740417298,-0.1132364480952099,0.4285714285714285,GRU,18,INTC
0.003593731921389,0.0599477432551808,0.0450746920507758,-0.0760316317026388,0.5555555555555556,Transformer,18,INTC
0.0041480444255658,0.0644053136438747,0.0487045124389535,-0.2420033294780192,0.5238095238095238,Stacked_Ensemble,18,INTC
0.0002040444352005,0.0142844123155483,0.0100940502504446,-0.8481823994413726,0.5238095238095238,Naive,0,KO
0.0001363917522397,0.0116786879502704,0.0084475806069678,-0.2354016695958705,0.3968253968253968,Ridge_Regression,0,KO
0.0001089145261227,0.0104362122497928,0.0073380475497015,0.0134800293591128,0.5396825396825397,Random_Forest,0,KO
0.0001061908438669,0.010304894170587,0.0073829088122589,0.038150447847901,0.492063492063492,XGBoost,0,KO
0.000159281391102,0.0126206731635843,0.0099347458666693,-0.4427301744538812,0.4126984126984127,LSTM,0,KO
0.000111181963915,0.0105442858418713,0.0074366811655092,-0.0070578432643173,0.5714285714285714,GRU,0,KO
0.0001158235421701,0.010762134647465,0.0078714222306255,-0.0491000740570033,0.6190476190476191,Transformer,0,KO
0.0001102476199258,0.0104998866625239,0.0073994583949493,0.0014052060427496,0.5714285714285714,Stacked_Ensemble,0,KO
0.0002663324920042,0.016319696443387,0.0119876277008338,-1.0228179692510873,0.5396825396825397,Naive,1,KO
0.0002151099491985,0.0146666270559583,0.0119434253190551,-0.6337783922981846,0.4444444444444444,Ridge_Regression,1,KO
0.0004939960792947,0.0222260225702823,0.0177509510827431,-2.751942312471494,0.3809523809523809,Random_Forest,1,KO
0.0004262634444294,0.0206461484163389,0.015409886417638,-2.237507179608133,0.4126984126984127,XGBoost,1,KO
0.0001361599635105,0.0116687601531006,0.0082440013206468,-0.0341465241775498,0.5079365079365079,LSTM,1,KO
0.000133838291571,0.0115688500539637,0.0083105877705019,-0.0165132279823834,0.3809523809523809,GRU,1,KO
0.0001506783973908,0.0122751129278252,0.0092664389666331,-0.1444152665205824,0.4285714285714285,Transformer,1,KO
0.0001469941675844,0.012124115125834,0.0088267516077498,-0.1164332272315724,0.365079365079365,Stacked_Ensemble,1,KO
0.000376871532496,0.0194131793505348,0.0146809162886939,-0.6941977001880273,0.5238095238095238,Naive,2,KO
0.0002146878263185,0.0146522293975554,0.0103875404832476,0.03488698337504,0.5873015873015873,Ridge_Regression,2,KO
0.0002457732714226,0.0156771576321295,0.0121002426290972,-0.1048553029573904,0.4603174603174603,Random_Forest,2,KO
0.0002107325735204,0.0145166309287116,0.0106001488961044,0.0526675255930292,0.5238095238095238,XGBoost,2,KO
0.0002224309886981,0.0149141204466839,0.0103926952786052,7.817781513808075e-05,0.5714285714285714,LSTM,2,KO
0.0002197304309526,0.0148233070180918,0.0103088822811149,0.0122183325556544,0.5873015873015873,GRU,2,KO
0.0006172059067762,0.0248436290983478,0.0185824411996286,-1.7746028490858063,0.5714285714285714,Transformer,2,KO
0.0002155376007556,0.0146811988868642,0.0102894540398027,0.0310668861460492,0.5396825396825397,Stacked_Ensemble,2,KO
0.0002452726781622,0.0156611838046237,0.0125622722090739,-1.286570479024317,0.4444444444444444,Naive,3,KO
0.000128080561544,0.0113172682898333,0.0087122410130018,-0.1940393571673728,0.492063492063492,Ridge_Regression,3,KO
0.0001833614108552,0.0135411007992416,0.0113812084017972,-0.7093986668034975,0.4603174603174603,Random_Forest,3,KO
0.0001126544686239,0.0106138809407257,0.0083422163031472,-0.0502286035920722,0.5396825396825397,XGBoost,3,KO
0.000107899337948,0.0103874606111438,0.0079778471742074,-0.0058985888968343,0.492063492063492,LSTM,3,KO
0.0001076094899577,0.0103734994075187,0.0080093891045503,-0.0031964621743376,0.4126984126984127,GRU,3,KO
0.0001313914940796,0.0114626128818722,0.0094213432194639,-0.2249057408618751,0.4761904761904761,Transformer,3,KO
0.0001071242435755,0.0103500842303609,0.0079734880115815,0.0013272787533806,0.492063492063492,Stacked_Ensemble,3,KO
0.0002589425886183,0.0160916931557366,0.0123304637170677,-0.7600827659002873,0.6190476190476191,Naive,4,KO
0.0001616922949757,0.012715828521009,0.0099046692363672,-0.0990537450176913,0.5555555555555556,Ridge_Regression,4,KO
0.000156135632528,0.0124954244637015,0.0097695201432962,-0.0612840376003298,0.5238095238095238,Random_Forest,4,KO
0.0001664966659904,0.0129033587096701,0.0103135278588187,-0.1317099823292276,0.4444444444444444,XGBoost,4,KO
0.0001463371465027,0.0120969891503112,0.0093631940967167,0.0053181635945541,0.5555555555555556,LSTM,4,KO
0.0001487740685242,0.0121972975910337,0.0094548166219424,-0.0112460658539526,0.4126984126984127,GRU,4,KO
0.0001553648736047,0.0124645446609458,0.0097468728910686,-0.0560450403967356,0.365079365079365,Transformer,4,KO
0.0001489896465654,0.0122061315151633,0.0093757079972679,-0.0127113914193499,0.5555555555555556,Stacked_Ensemble,4,KO
0.000206606210546,0.0143738029256715,0.0114318148757041,-1.5048798136183512,0.4285714285714285,Naive,5,KO
9.696435933044046e-05,0.0098470482547025,0.0079855714372142,-0.1755893769375704,0.4285714285714285,Ridge_Regression,5,KO
0.0001259892784974,0.0112244945764798,0.0086393139232541,-0.5274855465693327,0.4603174603174603,Random_Forest,5,KO
8.089043066004988e-05,0.0089939107545077,0.007355924251539,0.0192898541639051,0.5079365079365079,XGBoost,5,KO
8.428985616724491e-05,0.0091809507224058,0.0072060099691353,-0.021924552258667,0.4285714285714285,LSTM,5,KO
8.453684402728768e-05,0.0091943919879069,0.0072208526491847,-0.0249190164773118,0.4285714285714285,GRU,5,KO
8.268887978914142e-05,0.0090933426081469,0.0070345208086481,-0.0025144222292139,0.5396825396825397,Transformer,5,KO
7.981689325718312e-05,0.0089340300680702,0.0070618327958618,0.0323053494992011,0.492063492063492,Stacked_Ensemble,5,KO
6.785028978545732e-05,0.0082371287343016,0.0065610326202226,-0.5990397709492732,0.6031746031746031,Naive,6,KO
5.601409714543133e-05,0.0074842566194266,0.0053537886003664,-0.3200941271227784,0.6031746031746031,Ridge_Regression,6,KO
0.0001012353278331,0.0100615768065012,0.0077513903975176,-1.385830862950121,0.5873015873015873,Random_Forest,6,KO
5.483950149896649e-05,0.0074053697746274,0.0052272577313981,-0.2924122239294375,0.5238095238095238,XGBoost,6,KO
5.656185083285981e-05,0.00752076132003,0.0057043803495628,-0.3330031350820928,0.5396825396825397,LSTM,6,KO
4.248756200278679e-05,0.0065182483845575,0.0049179275912164,-0.0013118827930338,0.5396825396825397,GRU,6,KO
4.612469272330439e-05,0.0067915162315424,0.0051805607647805,-0.0870287852946882,0.4285714285714285,Transformer,6,KO
4.086722769341406e-05,0.0063927480548989,0.0047665965316616,0.0368748222470373,0.6349206349206349,Stacked_Ensemble,6,KO
0.0001000553568924,0.0100027674616823,0.0081365560265885,-0.9540257047785624,0.4285714285714285,Naive,7,KO
7.508816444515051e-05,0.0086653427194283,0.0069850419523965,-0.4664302642797686,0.4603174603174603,Ridge_Regression,7,KO
8.736430407057319e-05,0.0093468874001227,0.0072163068715346,-0.7061764720645372,0.4444444444444444,Random_Forest,7,KO
6.365631962154063e-05,0.0079784910616946,0.0065249315329781,-0.2431726663644926,0.4126984126984127,XGBoost,7,KO
5.57305431452437e-05,0.0074652892204685,0.0061194708154038,-0.088386641447764,0.4603174603174603,LSTM,7,KO
5.538160982054759e-05,0.0074418821423446,0.0060971550219253,-0.0815721668720281,0.4603174603174603,GRU,7,KO
5.574605967268371e-05,0.0074663283930378,0.0060782962756694,-0.0886896706348894,0.4603174603174603,Transformer,7,KO
5.52323872112378e-05,0.0074318495148406,0.0061242137117908,-0.0786579319586615,0.4444444444444444,Stacked_Ensemble,7,KO
0.0002536764023269,0.0159272220530431,0.0109305345482665,-1.1925676604391549,0.3968253968253968,Naive,8,KO
0.000119706177583,0.010941031833562,0.007739963081846,-0.0346405551157449,0.492063492063492,Ridge_Regression,8,KO
0.0001167786182407,0.0108064156055922,0.0075287992491882,-0.0093371690738726,0.5238095238095238,Random_Forest,8,KO
0.0001169655566298,0.0108150615638513,0.0074596837804227,-0.0109529089010362,0.6031746031746031,XGBoost,8,KO
0.0001160200750266,0.010771261533666,0.0073688106876822,-0.0027809529452007,0.5555555555555556,LSTM,8,KO
0.0001157137405437,0.010757032143848,0.0074456325958818,-0.0001332526694868,0.5555555555555556,GRU,8,KO
0.0001176872649958,0.0108483761455758,0.0074460726091481,-0.0171907552637733,0.5555555555555556,Transformer,8,KO
0.000115069702717,0.0107270547084023,0.0073889724992625,0.0054332742049895,0.5238095238095238,Stacked_Ensemble,8,KO
0.0001182149517224,0.0108726699445198,0.0082043859264826,-1.3854696895788932,0.3968253968253968,Naive,9,KO
5.7553237629524005e-05,0.0075863850172215,0.0058710773699231,-0.1613717376857792,0.492063492063492,Ridge_Regression,9,KO
5.5896063866808206e-05,0.0074763670232813,0.0054854303854212,-0.127931485638773,0.4761904761904761,Random_Forest,9,KO
5.971610436189748e-05,0.0077276195792687,0.0059217178688754,-0.2050164117096569,0.3809523809523809,XGBoost,9,KO
4.978545239755976e-05,0.0070558806960973,0.0052321656797247,-0.0046249306531813,0.5555555555555556,LSTM,9,KO
5.1688474301434645e-05,0.0071894696815157,0.0053679626661312,-0.0430261735091266,0.5555555555555556,GRU,9,KO
5.075077016608784e-05,0.0071239574792447,0.0052952389583825,-0.0241041610219574,0.492063492063492,Transformer,9,KO
5.042669454890976e-05,0.0071011755751361,0.0052853340964442,-0.0175646112387386,0.4603174603174603,Stacked_Ensemble,9,KO
8.352077039918741e-05,0.0091389698762599,0.0073187591266355,-0.6020540168234145,0.5555555555555556,Naive,10,KO
7.464569427885476e-05,0.0086397739715142,0.0066186752122648,-0.4318167060295139,0.365079365079365,Ridge_Regression,10,KO
5.725420399533081e-05,0.007566650777942,0.0054972409224669,-0.0982217603160342,0.6190476190476191,Random_Forest,10,KO
5.942790083601761e-05,0.0077089493989789,0.0060344343416783,-0.1399165356196456,0.4444444444444444,XGBoost,10,KO
5.471031450753955e-05,0.0073966421102781,0.0055733881318281,-0.0494261331589538,0.3809523809523809,LSTM,10,KO
5.219382176138435e-05,0.0072245291722979,0.0053401272443948,-0.001156016719461,0.5873015873015873,GRU,10,KO
5.219079001379363e-05,0.0072243193460556,0.0053390494602581,-0.0010978632400033,0.5873015873015873,Transformer,10,KO
5.362762615844432e-05,0.0073230885668851,0.005490003014214,-0.0286585419316967,0.492063492063492,Stacked_Ensemble,10,KO
0.0001561459586715,0.0124958376538576,0.0096462512962891,-1.2137738467868595,0.5238095238095238,Naive,11,KO
9.623791103612392e-05,0.0098100923051785,0.0076949654958985,-0.3644219314653767,0.5079365079365079,Ridge_Regression,11,KO
0.0002262456379152,0.015041463955188,0.008901349719885,-2.2076185668040025,0.5555555555555556,Random_Forest,11,KO
8.57315135742049e-05,0.0092591313617533,0.0073241021532543,-0.2154665046133368,0.4761904761904761,XGBoost,11,KO
7.13944516336193e-05,0.008449523751882,0.0066407735216469,-0.0122014759577395,0.5873015873015873,LSTM,11,KO
7.204304880403993e-05,0.0084878176702872,0.0066822926839955,-0.0213970226449085,0.5873015873015873,GRU,11,KO
7.48607552710318e-05,0.0086522110047681,0.0068342017319328,-0.0613453180578509,0.4285714285714285,Transformer,11,KO
7.679516534736992e-05,0.0087632850773765,0.0068324027284585,-0.0887705967675336,0.5079365079365079,Stacked_Ensemble,11,KO
0.0001688013850245,0.0129923587167446,0.0103260303766091,-1.2072350234389004,0.4603174603174603,Naive,12,KO
0.0001028453255186,0.0101412684373622,0.0076394094430786,-0.3447982340232278,0.4761904761904761,Ridge_Regression,12,KO
8.769564011853699e-05,0.0093645950322764,0.0072824007101175,-0.1467020145856787,0.4603174603174603,Random_Forest,12,KO
8.943841725834809e-05,0.0094571886551103,0.0072726468943466,-0.1694904457379455,0.4761904761904761,XGBoost,12,KO
8.293074179975371e-05,0.0091066317483333,0.0070283524789031,-0.08439653971761,0.4603174603174603,LSTM,12,KO
7.773920096969589e-05,0.0088169836661806,0.0069449439430602,-0.0165123174166574,0.5396825396825397,GRU,12,KO
8.246815148930509e-05,0.0090811976902446,0.0071421677972022,-0.0783477413942015,0.5079365079365079,Transformer,12,KO
8.284358779977892e-05,0.0091018452964098,0.007008605161284,-0.0832569201514012,0.4603174603174603,Stacked_Ensemble,12,KO
0.0003166870339137,0.0177957026810886,0.0143837846150622,-1.1064603054979774,0.4603174603174603,Naive,13,KO
0.0001849019433771,0.0135978653978156,0.0100279533347614,-0.2298849097795783,0.5079365079365079,Ridge_Regression,13,KO
0.0001573873142686,0.012545410087704,0.0094883196400532,-0.046869920750272,0.5079365079365079,Random_Forest,13,KO
0.0001659565301683,0.0128824116596381,0.0097516157722968,-0.1038685067640916,0.4603174603174603,XGBoost,13,KO
0.0001514530112291,0.0123066246887267,0.0093290526676694,-0.0073975949054412,0.5396825396825397,LSTM,13,KO
0.0001548170730998,0.0124425509080669,0.0094071764280148,-0.0297738277060366,0.5238095238095238,GRU,13,KO
0.0001653567428043,0.012859111275837,0.0095432247612156,-0.0998789898633323,0.4603174603174603,Transformer,13,KO
0.0001551123419988,0.012454410544014,0.0094127804569601,-0.0317378241713353,0.492063492063492,Stacked_Ensemble,13,KO
0.0002850095158156,0.0168822248479172,0.0127725093083318,-0.9255517221865568,0.5079365079365079,Naive,14,KO
0.000177766593323,0.0133329139096853,0.0102431136126499,-0.2010082152552297,0.5396825396825397,Ridge_Regression,14,KO
0.0001747714452019,0.0132201151735495,0.009862274848993,-0.1807727062533306,0.5079365079365079,Random_Forest,14,KO
0.0001657824374229,0.0128756528930743,0.0096759771748559,-0.1200421044696371,0.492063492063492,XGBoost,14,KO
0.0001482643204795,0.0121763837192979,0.0091410103519709,-0.0016880202096793,0.5079365079365079,LSTM,14,KO
0.0001498675146212,0.0122420388261628,0.0092222997656686,-0.0125193541449826,0.5079365079365079,GRU,14,KO
0.0001481962782198,0.0121735893728959,0.0091337201047976,-0.0012283201538014,0.492063492063492,Transformer,14,KO
0.0001491850616479,0.0122141336838897,0.009134939072987,-0.0079086361681353,0.5079365079365079,Stacked_Ensemble,14,KO
0.0001640477726319,0.0128081135469653,0.0102298212745491,-1.3145377227555275,0.492063492063492,Naive,15,KO
7.441187010970732e-05,0.0086262315126425,0.0071987488851233,-0.0498714955191748,0.4761904761904761,Ridge_Regression,15,KO
7.411610148912257e-05,0.0086090708841966,0.007067123223202,-0.0456985182298907,0.3968253968253968,Random_Forest,15,KO
7.961161477084192e-05,0.0089225341002902,0.0074033944040675,-0.1232343030343574,0.4126984126984127,XGBoost,15,KO
7.180420238135159e-05,0.008473736034439,0.0068717918357361,-0.0130801070787334,0.4126984126984127,LSTM,15,KO
7.099381103306921e-05,0.008425782517551,0.0067852716673528,-0.0016463563139339,0.5873015873015873,GRU,15,KO
7.319993451286275e-05,0.0085556960273763,0.0069825959691336,-0.0327723870616636,0.4126984126984127,Transformer,15,KO
7.263841980728303e-05,0.0085228175979122,0.0069747595585448,-0.0248500181864577,0.365079365079365,Stacked_Ensemble,15,KO
0.0002587531722103,0.0160858065452242,0.0130029297110304,-1.410924215768066,0.2857142857142857,Naive,16,KO
0.0001135438038952,0.010655693496681,0.0079721886604332,-0.0579406776849569,0.6031746031746031,Ridge_Regression,16,KO
0.0001077270020962,0.0103791619168544,0.0076698238654126,-0.0037428172469193,0.5396825396825397,Random_Forest,16,KO
0.0001017464862476,0.0100869463291731,0.0074485611895656,0.0519804434928723,0.5238095238095238,XGBoost,16,KO
0.0001095364186383,0.010465964773413,0.0077018415759021,-0.0206019966739776,0.4603174603174603,LSTM,16,KO
0.0001087765444276,0.0104295994375449,0.0076794362391766,-0.0135218935787031,0.4603174603174603,GRU,16,KO
0.0001079065202171,0.0103878063236263,0.0076553954514824,-0.0054154714645404,0.5238095238095238,Transformer,16,KO
0.0001061994321377,0.0103053108705046,0.0076077807794637,0.0104902658603071,0.5873015873015873,Stacked_Ensemble,16,KO
0.0001892318806824,0.0137561579186377,0.0116846170033864,-0.6800267816911945,0.492063492063492,Naive,17,KO
0.0001411142381546,0.0118791514071782,0.0095193683049726,-0.2528317032137011,0.5079365079365079,Ridge_Regression,17,KO
0.0001198056285443,0.0109455757520714,0.0087958031229913,-0.0636509230151354,0.6031746031746031,Random_Forest,17,KO
0.0001276554939974,0.0112984730825656,0.009112045295599,-0.1333431130750655,0.5238095238095238,XGBoost,17,KO
0.0001134661194423,0.0106520476642913,0.0085332464105302,-0.0073678853170331,0.5079365079365079,LSTM,17,KO
0.0001130707610555,0.0106334736119264,0.008547609829026,-0.0038578389348205,0.5079365079365079,GRU,17,KO
0.0001158785404983,0.0107646895216865,0.0085519039892822,-0.0287856927611802,0.5079365079365079,Transformer,17,KO
0.000115485775738,0.0107464308371704,0.008604905568685,-0.0252986729540782,0.4603174603174603,Stacked_Ensemble,17,KO
0.0003375880470867,0.0183735692527823,0.0134047101182971,-1.210253772087766,0.5555555555555556,Naive,18,KO
0.0001714785380968,0.0130949814088009,0.0097216461474014,-0.1227029183388246,0.5079365079365079,Ridge_Regression,18,KO
0.0001545577284038,0.0124321248547413,0.0092294598653682,-0.0119191279369037,0.5079365079365079,Random_Forest,18,KO
0.0001621799600328,0.0127349895968899,0.0095077252127292,-0.0618233421267804,0.5396825396825397,XGBoost,18,KO
0.0001528541064179,0.0123634180717939,0.009245937267873,-0.0007651876446499,0.5238095238095238,LSTM,18,KO
0.0001558815274106,0.0124852523967539,0.0092644978345849,-0.0205862942464121,0.4761904761904761,GRU,18,KO
0.0001717958693146,0.0131070923287587,0.0098295369307785,-0.1247805467593734,0.5238095238095238,Transformer,18,KO
0.0001545718587928,0.0124326931431932,0.0092202575508729,-0.0120116423066998,0.4761904761904761,Stacked_Ensemble,18,KO
0.0002075714333548,0.0144073395654746,0.0111228517061374,-1.174717568247163,0.4285714285714285,Naive,0,PEP
0.0001222949726524,0.0110587057403879,0.0085441836728351,-0.2812795153799468,0.5238095238095238,Ridge_Regression,0,PEP
0.0001083630314041,0.0104097565487468,0.007690486501683,-0.1353151266257026,0.4285714285714285,Random_Forest,0,PEP
0.0001128907048944,0.0106250037597375,0.0080606316901753,-0.1827513798875815,0.492063492063492,XGBoost,0,PEP
0.0001044578333371,0.0102204615031382,0.0077000246585047,-0.094400523365363,0.3809523809523809,LSTM,0,PEP
9.707507228308893e-05,0.0098526682824039,0.0073023857634125,-0.017051632398541,0.6190476190476191,GRU,0,PEP
0.0001100563350746,0.0104907738072397,0.0078649730015291,-0.1530558011543357,0.6190476190476191,Transformer,0,PEP
9.85357595571078e-05,0.0099265179976217,0.0073336860812568,-0.0323551942865241,0.5714285714285714,Stacked_Ensemble,0,PEP
0.0002502631793915,0.015819708574798,0.0119353552859715,-1.1341062045349868,0.4603174603174603,Naive,1,PEP
0.0001111805455252,0.0105442185829622,0.0084490410317353,0.0519136989869152,0.5238095238095238,Ridge_Regression,1,PEP
0.0001190600916901,0.0109114660651168,0.0081513771583804,-0.0152787198113122,0.5238095238095238,Random_Forest,1,PEP
0.0001046572270563,0.010230211486396,0.0074665573605937,0.10754095686991,0.6190476190476191,XGBoost,1,PEP
0.0001170818930037,0.0108204386696552,0.007909357686387,0.0015902662727199,0.6666666666666666,LSTM,1,PEP
0.0001528007669195,0.0123612607334184,0.0098839822569076,-0.3030005673769007,0.492063492063492,GRU,1,PEP
0.0001169565382893,0.0108146446215021,0.0081891295281984,0.0026592220591495,0.5555555555555556,Transformer,1,PEP
0.0001137583394876,0.0106657554578947,0.0077921482996672,0.0299316954721111,0.5555555555555556,Stacked_Ensemble,1,PEP
0.0003821513035918,0.0195486905850975,0.0148928638147468,-0.7400505277320824,0.5079365079365079,Naive,2,PEP
0.0002455257822192,0.0156692623380693,0.0115635419172171,-0.1179531847905817,0.492063492063492,Ridge_Regression,2,PEP
0.0002274403539257,0.0150811257512752,0.0109129922250539,-0.0356047569545123,0.492063492063492,Random_Forest,2,PEP
0.0002356739780382,0.0153516767174874,0.0113904672076613,-0.0730949391085089,0.5238095238095238,XGBoost,2,PEP
0.0002220478368585,0.0149012696391452,0.0105718747119882,-0.0110509949222843,0.5396825396825397,LSTM,2,PEP
0.0002219865111424,0.0148992117624546,0.0105622587269472,-0.0107717603794113,0.5396825396825397,GRU,2,PEP
0.0002256547914465,0.0150218105249191,0.0109053598008738,-0.0274745506591522,0.4603174603174603,Transformer,2,PEP
0.0002183248093157,0.0147758183974945,0.0105036970698572,0.0059010761021334,0.6031746031746031,Stacked_Ensemble,2,PEP
0.0002566780083199,0.0160211737497585,0.0128500046541574,-1.385795989858213,0.4285714285714285,Naive,3,PEP
0.0001041192077335,0.010203881993318,0.0076085515141737,0.0322225503312345,0.6349206349206349,Ridge_Regression,3,PEP
0.0001389676691981,0.0117884549114005,0.0096086454204475,-0.2916903557999637,0.4761904761904761,Random_Forest,3,PEP
0.0001175372729997,0.0108414608332876,0.0084979314648413,-0.0924970020494833,0.5555555555555556,XGBoost,3,PEP
0.0001102408511731,0.0104995643325413,0.0080383999595081,-0.0246775030281165,0.4603174603174603,LSTM,3,PEP
0.0001081718764503,0.0104005709675171,0.0078448403748427,-0.0054465933404475,0.5714285714285714,GRU,3,PEP
0.0001071859631777,0.0103530654000502,0.0078767630989801,0.003717370287029,0.5238095238095238,Transformer,3,PEP
0.0001049759889394,0.0102457790791865,0.0078325365119163,0.0242588561344051,0.5714285714285714,Stacked_Ensemble,3,PEP
0.0002893000013451,0.0170088212802998,0.0126585069516918,-0.8837992260522147,0.5555555555555556,Naive,4,PEP
0.0001701985904113,0.0130460181822423,0.0101709286671948,-0.1082612215739904,0.4126984126984127,Ridge_Regression,4,PEP
0.0003677055694403,0.0191756504306975,0.0160165196415292,-1.3943431175455343,0.492063492063492,Random_Forest,4,PEP
0.0001785807395622,0.0133634104764551,0.0105388085273233,-0.1628422309399613,0.492063492063492,XGBoost,4,PEP
0.0001549719200193,0.0124487718277483,0.0093902112755466,-0.0091115853260335,0.5238095238095238,LSTM,4,PEP
0.0001558477951959,0.0124839014412953,0.009405708854955,-0.0148149139544164,0.4761904761904761,GRU,4,PEP
0.0001540834837223,0.0124130368452818,0.0093798879661165,-0.0033264639954679,0.5238095238095238,Transformer,4,PEP
0.0001565346768884,0.0125113818936365,0.0095537251059393,-0.019287596963726,0.492063492063492,Stacked_Ensemble,4,PEP
0.0001719957445426,0.0131147148098099,0.0106017106799063,-1.142798544886909,0.3492063492063492,Naive,5,PEP
0.0001054511942223,0.0102689431891658,0.0078172754901578,-0.3137573033391765,0.5396825396825397,Ridge_Regression,5,PEP
8.845810616706112e-05,0.0094052169654432,0.0073971580653033,-0.1020499471208149,0.4444444444444444,Random_Forest,5,PEP
7.871461452902006e-05,0.0088721257052084,0.0066856926258402,0.0193387521149106,0.5238095238095238,XGBoost,5,PEP
8.275891498068292e-05,0.0090971926977877,0.0070521804200327,-0.0310469196117513,0.4285714285714285,LSTM,5,PEP
8.031396106819778e-05,0.0089618056812339,0.0068287151637999,-0.0005866096783875,0.5714285714285714,GRU,5,PEP
8.416721581208409e-05,0.0091742692249619,0.0069283024801045,-0.0485921500493635,0.5555555555555556,Transformer,5,PEP
8.011712009933138e-05,0.0089508167280607,0.0068510207103483,0.0018657215858692,0.5396825396825397,Stacked_Ensemble,5,PEP
0.0001107801847995,0.0105252166153284,0.0079859701165752,-0.9093054508722548,0.5714285714285714,Naive,6,PEP
7.934831620588053e-05,0.008907767184086,0.0068938020148144,-0.3675746517619904,0.5079365079365079,Ridge_Regression,6,PEP
5.9868935552759066e-05,0.0077375018935544,0.0056936962537997,-0.0318459496668908,0.5396825396825397,Random_Forest,6,PEP
6.265109122041136e-05,0.0079152442299913,0.005737436141905,-0.0797966277690591,0.5714285714285714,XGBoost,6,PEP
5.863622475735237e-05,0.0076574293831123,0.005590902262661,-0.0106000793401979,0.5873015873015873,LSTM,6,PEP
6.063522899490008e-05,0.0077868625899588,0.0057496601203378,-0.0450530791611625,0.4126984126984127,GRU,6,PEP
5.9069958621950496e-05,0.007685698317131,0.0055832971606136,-0.0180755176002376,0.5555555555555556,Transformer,6,PEP
5.755148180798264e-05,0.0075862692944544,0.0055156003291539,0.008095553184461,0.5714285714285714,Stacked_Ensemble,6,PEP
0.0001832783002659,0.013538031624501,0.0112044083926369,-1.1628320877287588,0.5079365079365079,Naive,7,PEP
0.0001089980159598,0.0104402114901875,0.0086239767919077,-0.2862646918625293,0.492063492063492,Ridge_Regression,7,PEP
9.056200604140816e-05,0.0095164072023746,0.0076027320436113,-0.0687048729237387,0.5079365079365079,Random_Forest,7,PEP
9.861749067394263e-05,0.0099306339512612,0.0079689442882756,-0.1637661028683976,0.5238095238095238,XGBoost,7,PEP
8.627625201722786e-05,0.0092885010640699,0.0074941093697942,-0.0181295112461299,0.4761904761904761,LSTM,7,PEP
8.523513448065146e-05,0.0092322876082069,0.0074617603303248,-0.0058434827750202,0.492063492063492,GRU,7,PEP
9.328289228797114e-05,0.0096583069058697,0.0078559702005301,-0.1008135299365204,0.5238095238095238,Transformer,7,PEP
8.861175931002609e-05,0.0094133819273429,0.0075865230467026,-0.0456903851011234,0.4126984126984127,Stacked_Ensemble,7,PEP
0.0002918283119602,0.0170829831106946,0.0121617096969676,-1.2004388784862932,0.5555555555555556,Naive,8,PEP
0.0001591665195452,0.0126161214144938,0.0089800016342269,-0.2001446857849276,0.5396825396825397,Ridge_Regression,8,PEP
0.0001420396968807,0.0119180408155335,0.0082031791275257,-0.0710053085846391,0.4603174603174603,Random_Forest,8,PEP
0.0001358102516762,0.0116537655578056,0.0079781648532322,-0.0240341517179776,0.6349206349206349,XGBoost,8,PEP
0.0001341224705549,0.0115811256169244,0.00804180252693,-0.0113079731893472,0.492063492063492,LSTM,8,PEP
0.000132915138618,0.0115288828000845,0.008031986138259,-0.0022044694362592,0.5079365079365079,GRU,8,PEP
0.0001354931832333,0.0116401539179411,0.0084962644093494,-0.0216433976328356,0.5079365079365079,Transformer,8,PEP
0.0001342267427772,0.0115856265595438,0.0080016482122584,-0.0120942048273573,0.5396825396825397,Stacked_Ensemble,8,PEP
0.0002810903358127,0.0167657488891109,0.0123981681014021,-1.641957967145975,0.4285714285714285,Naive,9,PEP
9.58568101887223e-05,0.0097906491198858,0.0072180457662252,0.0990452850288654,0.5555555555555556,Ridge_Regression,9,PEP
0.0001078695073296,0.0103860246162648,0.007141323483153,-0.0138616238004529,0.4761904761904761,Random_Forest,9,PEP
0.0001147720387474,0.010713171274065,0.0078359446357795,-0.0787382685986051,0.3809523809523809,XGBoost,9,PEP
0.0001066248015465,0.0103259286045661,0.0071218693803881,-0.0021626788658852,0.5396825396825397,LSTM,9,PEP
0.0001068529841286,0.0103369717097743,0.0071158773598259,-0.004307358756572,0.5396825396825397,GRU,9,PEP
0.0001135452187079,0.0106557598841158,0.0075906679807409,-0.0672074311249666,0.492063492063492,Transformer,9,PEP
0.0001062870370918,0.0103095604703502,0.0071266633605833,0.0010119571093085,0.4761904761904761,Stacked_Ensemble,9,PEP
0.0002521765659153,0.0158800681961806,0.0109047989384192,-1.103085842668055,0.6031746031746031,Naive,10,PEP
0.0001208824729524,0.0109946565636444,0.008273291007913,-0.0081278431653548,0.5079365079365079,Ridge_Regression,10,PEP
0.0001178031733904,0.0108537170310666,0.0079240651200667,0.0175527005073672,0.5396825396825397,Random_Forest,10,PEP
0.0001190078661466,0.0109090726529205,0.007982903872154,0.0075058816398017,0.5079365079365079,XGBoost,10,PEP
0.0001205440522501,0.0109792555417107,0.0080075659599112,-0.0053055040423777,0.5238095238095238,LSTM,10,PEP
0.0001218706620752,0.0110395046118606,0.0081539657275815,-0.0163690790093762,0.4285714285714285,GRU,10,PEP
0.0001200607457888,0.0109572234525376,0.0080094338671336,-0.0012748560206838,0.5396825396825397,Transformer,10,PEP
0.0001190216539554,0.0109097045769103,0.0080361380795417,0.0073908949625132,0.5079365079365079,Stacked_Ensemble,10,PEP
0.0001779142763551,0.0133384510478234,0.0103629570818031,-0.8345667393733369,0.5555555555555556,Naive,11,PEP
0.0001113626157621,0.0105528487036488,0.0081473800074206,-0.1483179150778466,0.5396825396825397,Ridge_Regression,11,PEP
9.395837323971924e-05,0.0096932127408676,0.0074198950068372,0.0311462915595633,0.5396825396825397,Random_Forest,11,PEP
0.0001032689734339,0.0101621342952147,0.0078024879624088,-0.0648601548590195,0.492063492063492,XGBoost,11,PEP
9.732456585931282e-05,0.0098653213763826,0.0075561808452978,-0.003564273240205,0.4126984126984127,LSTM,11,PEP
9.8193213715502e-05,0.0099092488976461,0.0075332037546171,-0.0125213535703481,0.5396825396825397,GRU,11,PEP
9.689495982028836e-05,0.0098435237501764,0.007532812671939,0.000865618314168,0.5079365079365079,Transformer,11,PEP
9.677645332660872e-05,0.0098375023927117,0.0075268630630198,0.0020876004741066,0.5079365079365079,Stacked_Ensemble,11,PEP
0.0001828376995689,0.0135217491312688,0.0098527927669687,-0.9414125786369772,0.5873015873015873,Naive,12,PEP
0.000111873077582,0.0105770070238237,0.0080332817568319,-0.1878939657443559,0.4603174603174603,Ridge_Regression,12,PEP
0.0001009401705551,0.0100468985540407,0.007382649193892,-0.0718058544139439,0.5396825396825397,Random_Forest,12,PEP
9.766807762337832e-05,0.0098827161055743,0.0069812519253949,-0.0370620220902166,0.5396825396825397,XGBoost,12,PEP
9.553714664347532e-05,0.0097743105456843,0.0073575061929924,-0.0144353087901496,0.5396825396825397,LSTM,12,PEP
9.45022816352124e-05,0.0097212284015556,0.0073521168423524,-0.0034468750646694,0.5396825396825397,GRU,12,PEP
0.0001032568220758,0.010161536403314,0.0075443094321309,-0.0964045909611028,0.4603174603174603,Transformer,12,PEP
9.796175688174708e-05,0.0098975631789722,0.0073386979980766,-0.0401803757318672,0.5079365079365079,Stacked_Ensemble,12,PEP
0.0004743374462872,0.0217792893889416,0.0165138211322795,-1.2085353785598325,0.4603174603174603,Naive,13,PEP
0.0002145946826217,0.0146490505706608,0.0113491872115386,0.0008380060848268,0.4444444444444444,Ridge_Regression,13,PEP
0.0002150533677704,0.014664698011568,0.0109462732529194,-0.0012976515286953,0.5555555555555556,Random_Forest,13,PEP
0.0002169250735996,0.0147283764753485,0.011006268583332,-0.0100123936900211,0.5555555555555556,XGBoost,13,PEP
0.0002148891252066,0.01465909701198,0.0109629063451315,-0.0005329311471335,0.5396825396825397,LSTM,13,PEP
0.000215017375202,0.0146634707761162,0.0109506668237049,-0.0011300685949486,0.5396825396825397,GRU,13,PEP
0.0002171891763306,0.0147373395268826,0.0108852627388087,-0.0112420672685826,0.5396825396825397,Transformer,13,PEP
0.0002139077923445,0.0146255869059864,0.0108953306205945,0.0040361965087439,0.4761904761904761,Stacked_Ensemble,13,PEP
0.0004679408025644,0.0216319394083026,0.017096252218611,-1.346950717660726,0.3174603174603174,Naive,14,PEP
0.0002538887119896,0.0159338856525834,0.0124972385842453,-0.2733753747149536,0.4603174603174603,Ridge_Regression,14,PEP
0.0001993898532542,0.014120547200948,0.0109095778262079,-3.7091496706720406e-05,0.4761904761904761,Random_Forest,14,PEP
0.0002017599201684,0.0142042219135168,0.0109777142206617,-0.0119241298032068,0.4761904761904761,XGBoost,14,PEP
0.0002057744108178,0.0143448391701618,0.0106547279572409,-0.0320587529413556,0.4285714285714285,LSTM,14,PEP
0.0002053632059523,0.0143304991522412,0.0106315754429577,-0.029996360543175,0.4285714285714285,GRU,14,PEP
0.0002048691934886,0.014313252372843,0.0106079581136167,-0.0275186477644633,0.4285714285714285,Transformer,14,PEP
0.0002015391604656,0.0141964488681361,0.0106693656190996,-0.0108169125224248,0.4444444444444444,Stacked_Ensemble,14,PEP
0.0005046250992201,0.0224638620726748,0.0171604016943282,-1.1379708920038063,0.3492063492063492,Naive,15,PEP
0.0002362377046863,0.0153700261771537,0.0116285126731746,-0.0008803307521254,0.5238095238095238,Ridge_Regression,15,PEP
0.0002524989157405,0.0158902144649022,0.0116388128472864,-0.0697750328910613,0.4761904761904761,Random_Forest,15,PEP
0.0002443809620124,0.0156326888925897,0.0115928163149227,-0.035381284343648,0.4603174603174603,XGBoost,15,PEP
0.0002364140990086,0.0153757633634446,0.0113161035742182,-0.0016276695727202,0.492063492063492,LSTM,15,PEP
0.0002366808894309,0.015384436597775,0.0113125622811077,-0.002757994160335,0.492063492063492,GRU,15,PEP
0.0002407711182783,0.0155168011612674,0.0113034999146732,-0.0200872753054539,0.5079365079365079,Transformer,15,PEP
0.0002384926990126,0.0154432088314785,0.0113770078184405,-0.0104341802111398,0.4603174603174603,Stacked_Ensemble,15,PEP
0.0002984411030012,0.0172754479826508,0.0130689680917157,-0.9608981636972008,0.4761904761904761,Naive,16,PEP
0.0001667857828168,0.0129145570120245,0.0091796036647627,-0.0958608984062405,0.4761904761904761,Ridge_Regression,16,PEP
0.0001505608533139,0.012270324091644,0.0088729426193184,0.01074450597107,0.5396825396825397,Random_Forest,16,PEP
0.0001744175242396,0.0132067226911013,0.0093613286141148,-0.1460050226281408,0.5079365079365079,XGBoost,16,PEP
0.0001521169353342,0.0123335694482257,0.0089992809123789,0.0005203165234948,0.4444444444444444,LSTM,16,PEP
0.000152301728899,0.012341058662005,0.0090909823798165,-0.0006938639573998,0.4444444444444444,GRU,16,PEP
0.0001524933038457,0.0123488179128901,0.0090020174508538,-0.0019526013007145,0.4444444444444444,Transformer,16,PEP
0.0001549353823479,0.0124473042201085,0.0089893084928644,-0.0179982036069716,0.5714285714285714,Stacked_Ensemble,16,PEP
0.0002809660955298,0.0167620432981727,0.013644104561168,-0.5305412176524937,0.6190476190476191,Naive,17,PEP
0.0002045648356104,0.0143026163903835,0.0113410716226111,-0.1143512244554785,0.5396825396825397,Ridge_Regression,17,PEP
0.0001876013729565,0.0136967650544392,0.0106108178479031,-0.0219440650185469,0.5079365079365079,Random_Forest,17,PEP
0.0001886657050445,0.0137355635139049,0.0106763731035159,-0.0277419322910947,0.5396825396825397,XGBoost,17,PEP
0.0001847498663165,0.0135922723014409,0.0106356009752342,-0.0064107016898447,0.5238095238095238,LSTM,17,PEP
0.0001852709897308,0.0136114286440038,0.0106459932279199,-0.0092494814491914,0.4761904761904761,GRU,17,PEP
0.0001853217570641,0.0136132933952134,0.0106471460440413,-0.0095260325969739,0.4761904761904761,Transformer,17,PEP
0.0001835309448724,0.0135473593320778,0.0105885703967027,0.0002292792221927,0.5555555555555556,Stacked_Ensemble,17,PEP
0.0004235568363843,0.0205804965048058,0.0169128940296466,-1.458145928272029,0.3809523809523809,Naive,18,PEP
0.00021180975725,0.0145536853494228,0.0111943528340764,-0.229254842861166,0.492063492063492,Ridge_Regression,18,PEP
0.0001924210766599,0.0138715924341799,0.0111330893430772,-0.1167310865366446,0.4444444444444444,Random_Forest,18,PEP
0.0002074677745107,0.0144037416843946,0.0112984953571696,-0.204055799251817,0.5238095238095238,XGBoost,18,PEP
0.0001733049731787,0.0131645346738422,0.0104600089033191,-0.0057892532330552,0.5714285714285714,LSTM,18,PEP
0.0001739993116017,0.0131908798645794,0.0105015428834441,-0.009818901725666,0.5714285714285714,GRU,18,PEP
0.0001745327344593,0.0132110837730815,0.0105299795337647,-0.0129146638828268,0.4285714285714285,Transformer,18,PEP
0.0001805927593619,0.0134384805451345,0.0106503975210777,-0.0480845024024212,0.4126984126984127,Stacked_Ensemble,18,PEP
0.0006135577161134,0.0247700972164716,0.0186627998636998,-1.0693436504936664,0.4444444444444444,Naive,0,DIS
0.0003681512430195,0.0191872677320029,0.0142295419740108,-0.2416622220801878,0.4126984126984127,Ridge_Regression,0,DIS
0.0003543163128851,0.0188232917653941,0.0133699029141747,-0.1950012086550705,0.5396825396825397,Random_Forest,0,DIS
0.0003379507472487,0.0183834367638041,0.0132712409266846,-0.1398051310132142,0.5396825396825397,XGBoost,0,DIS
0.0003135536415924,0.017707445936453,0.0123974250857041,-0.0575211105297746,0.4444444444444444,LSTM,0,DIS
0.0003026063848043,0.0173955852101724,0.0120699532742141,-0.0205993414285037,0.5555555555555556,GRU,0,DIS
0.0003651542258246,0.0191090090225698,0.0140359666377156,-0.2315541941965455,0.492063492063492,Transformer,0,DIS
0.0003122580528607,0.0176708249060642,0.0124427298075077,-0.0531514836062936,0.5396825396825397,Stacked_Ensemble,0,DIS
0.0005886043515656,0.0242611696248485,0.0194757944129005,-0.483253050413599,0.4761904761904761,Naive,1,DIS
0.000415380634003,0.0203808889404514,0.0159473109873258,-0.0467380861674839,0.4761904761904761,Ridge_Regression,1,DIS
0.0004575849050951,0.0213912343050868,0.0162499617266363,-0.1530907043079035,0.5079365079365079,Random_Forest,1,DIS
0.0004832640137342,0.0219832666756833,0.0168101757440971,-0.2178007529501082,0.4444444444444444,XGBoost,1,DIS
0.0004043287097068,0.0201079265392242,0.0155588145625639,-0.0188877986498361,0.4761904761904761,LSTM,1,DIS
0.0004018644596324,0.020046557301254,0.0155373015606928,-0.0126780137067259,0.5079365079365079,GRU,1,DIS
0.0004215094643212,0.0205306956609193,0.0157832094889414,-0.0621824270747031,0.4603174603174603,Transformer,1,DIS
0.000416979883542,0.0204200852971307,0.0157438747964078,-0.0507681137248861,0.4603174603174603,Stacked_Ensemble,1,DIS
0.0010420865546958,0.0322813654403869,0.0259594093861961,-1.2920501917359697,0.4285714285714285,Naive,2,DIS
0.0005987689810847,0.0244697564574064,0.0199323872635924,-0.3169813502694518,0.4603174603174603,Ridge_Regression,2,DIS
0.0005693593087597,0.0238612511985389,0.0191872874953046,-0.252295317436894,0.4761904761904761,Random_Forest,2,DIS
0.0006981427715981,0.0264223914814333,0.021575567389537,-0.5355521729839952,0.4285714285714285,XGBoost,2,DIS
0.0005145054223463,0.0226827119707139,0.0186843194134181,-0.131645204157184,0.365079365079365,LSTM,2,DIS
0.0004759010066978,0.021815155436023,0.0178928476322381,-0.0467355026642115,0.6031746031746031,GRU,2,DIS
0.0006497121357265,0.0254894514598997,0.0204114428008265,-0.429029881015976,0.5079365079365079,Transformer,2,DIS
0.000525177117026,0.0229167431592288,0.0188911576665166,-0.1551174001341038,0.4603174603174603,Stacked_Ensemble,2,DIS
0.0007080369043751,0.0266089628579389,0.0219657948019794,-0.7316177240050443,0.5555555555555556,Naive,3,DIS
0.0004625116186732,0.0215060832945772,0.017132970621065,-0.1311462884264653,0.5238095238095238,Ridge_Regression,3,DIS
0.0003908090303099,0.0197688904673471,0.0159100579314981,0.0442138829145226,0.5079365079365079,Random_Forest,3,DIS
0.0004500752537552,0.0212149771094675,0.0161349643746171,-0.1007311648908964,0.5396825396825397,XGBoost,3,DIS
0.0004549327722134,0.0213291531058654,0.0176967146370294,-0.11261100477629,0.5079365079365079,LSTM,3,DIS
0.0004095041681257,0.0202362093319326,0.0164600875345217,-0.0015080728120246,0.4761904761904761,GRU,3,DIS
0.0011165695351378,0.0334151093838976,0.0266646896666305,-1.7307497464909898,0.4603174603174603,Transformer,3,DIS
0.0004153622962923,0.0203804390603418,0.0161491077975322,-0.0158350641029301,0.5555555555555556,Stacked_Ensemble,3,DIS
0.0017590723261434,0.0419412961905501,0.0290729976764074,-0.9747819524858496,0.5555555555555556,Naive,4,DIS
0.0008996944320422,0.0299949067683539,0.0217675137662463,-0.0100211917063253,0.5555555555555556,Ridge_Regression,4,DIS
0.0010092974867231,0.0317694426567905,0.0240200684791456,-0.1330645317124776,0.4603174603174603,Random_Forest,4,DIS
0.0009815240662046,0.0313292844828066,0.0226964503924867,-0.1018853421001153,0.4126984126984127,XGBoost,4,DIS
0.0009041201532507,0.030068590809194,0.0213219002794089,-0.0149896254878132,0.5396825396825397,LSTM,4,DIS
0.0009096146276562,0.0301598180972011,0.0214304206380173,-0.0211578703820893,0.4444444444444444,GRU,4,DIS
0.0009181446898906,0.0303009024600032,0.0215879698586202,-0.0307339478995782,0.4444444444444444,Transformer,4,DIS
0.0009126010924958,0.0302092881825414,0.0215851387579937,-0.0245105562150029,0.4285714285714285,Stacked_Ensemble,4,DIS
0.0006004917381349,0.0245049329347159,0.0200976253575434,-0.9986428540943366,0.4444444444444444,Naive,5,DIS
0.0003835750248829,0.0195850714801598,0.0153004152159001,-0.2766694923605288,0.492063492063492,Ridge_Regression,5,DIS
0.0002942172072517,0.0171527609221304,0.0133977306549631,0.020744031130686,0.5555555555555556,Random_Forest,5,DIS
0.0003024921044123,0.0173923001472591,0.0140751530521267,-0.0067976701585508,0.5555555555555556,XGBoost,5,DIS
0.0003047021957626,0.0174557210038038,0.0136822229716445,-0.014153613635585,0.4761904761904761,LSTM,5,DIS
0.0002991779002104,0.017296759818255,0.0136136295561685,0.0042331402999072,0.5079365079365079,GRU,5,DIS
0.0003204898747407,0.0179022309989769,0.0140308006209676,-0.0667004344633008,0.4285714285714285,Transformer,5,DIS
0.0002941814095459,0.017151717393485,0.0135328321438385,0.0208631781968675,0.5714285714285714,Stacked_Ensemble,5,DIS
0.0007339703119422,0.0270918864596437,0.0203501191690531,-1.0524415455694531,0.4603174603174603,Naive,6,DIS
0.0003947832885147,0.0198691541972676,0.0141093303566734,-0.103954219483584,0.4603174603174603,Ridge_Regression,6,DIS
0.0003687495432068,0.0192028524757874,0.013851763877159,-0.0311546258387112,0.5079365079365079,Random_Forest,6,DIS
0.000420520488522,0.0205065962198032,0.0150059831284131,-0.175924567196595,0.5238095238095238,XGBoost,6,DIS
0.0003569003892905,0.0188918074648912,0.0134977660851136,0.0019798148628195,0.4761904761904761,LSTM,6,DIS
0.0003598487701145,0.0189696802849842,0.0135910875294842,-0.0062649045718363,0.4761904761904761,GRU,6,DIS
0.0003967033513675,0.0199174132699901,0.0149123455259724,-0.1093233968263565,0.4285714285714285,Transformer,6,DIS
0.0003677642824178,0.0191771812949112,0.0136662138246315,-0.0283994869133477,0.5555555555555556,Stacked_Ensemble,6,DIS
0.000460133326935,0.0214507185645378,0.01537711004076,-1.062141356919904,0.5396825396825397,Naive,7,DIS
0.0002419165278559,0.0155536660583905,0.0117261969941997,-0.0841772325799017,0.4444444444444444,Ridge_Regression,7,DIS
0.0002294071635216,0.0151461930372502,0.0106390749906233,-0.0281150522672173,0.5396825396825397,Random_Forest,7,DIS
0.000260704167425,0.0161463360371653,0.0119737907693373,-0.1683762381431048,0.5238095238095238,XGBoost,7,DIS
0.0002231595724738,0.0149385264492132,0.0106910667246749,-0.0001157417921031,0.5079365079365079,LSTM,7,DIS
0.0002233814756186,0.0149459518137392,0.0107087033009859,-0.001110226706102,0.5079365079365079,GRU,7,DIS
0.0024156842165167,0.0491496105428798,0.0413122591726299,-9.826171538845047,0.492063492063492,Transformer,7,DIS
0.0002275795754712,0.0150857407995514,0.0108570023289331,-0.019924502525388,0.492063492063492,Stacked_Ensemble,7,DIS
0.0004780189866855,0.0218636453201557,0.0158437012743216,-0.8650079977476037,0.4761904761904761,Naive,8,DIS
0.0002667258426796,0.0163317434060059,0.0122161419916239,-0.0406403169309059,0.5396825396825397,Ridge_Regression,8,DIS
0.0002546118596192,0.015956561647776,0.0120328860835418,0.0066228167968249,0.5396825396825397,Random_Forest,8,DIS
0.000272671446037,0.0165127661534045,0.0124017485465028,-0.0638372988957394,0.5396825396825397,XGBoost,8,DIS
0.0002543184944721,0.0159473663804435,0.012117897516618,0.0077673913032402,0.4761904761904761,LSTM,8,DIS
0.0002596999959365,0.0161152100804356,0.0121077450264847,-0.0132287271579194,0.492063492063492,GRU,8,DIS
0.0002720697523682,0.0164945370461945,0.0122583508463924,-0.0614897697480554,0.492063492063492,Transformer,8,DIS
0.0002582856070809,0.0160712665051923,0.0120236565002679,-0.0077104389702045,0.5555555555555556,Stacked_Ensemble,8,DIS
0.0007820343681082,0.0279648774019889,0.0173788210058571,-1.4029801759436658,0.5238095238095238,Naive,9,DIS
0.0004075000617547,0.0201866307677817,0.0132357333972677,-0.2521375146992499,0.4444444444444444,Ridge_Regression,9,DIS
0.0003491336420972,0.0186851181986424,0.0116039901734639,-0.0727932875176708,0.4603174603174603,Random_Forest,9,DIS
0.0003438169876333,0.0185423026518654,0.0116279814028656,-0.0564566458047035,0.4761904761904761,XGBoost,9,DIS
0.0003425787683406,0.0185088834979491,0.0112372559782835,-0.0526519326933365,0.3968253968253968,LSTM,9,DIS
0.0003367374091144,0.018350406238405,0.0110552598985186,-0.0347030151093457,0.6031746031746031,GRU,9,DIS
0.0004285842397929,0.0207022761983536,0.0153641473603478,-0.3169234933184928,0.6031746031746031,Transformer,9,DIS
0.0003419620838828,0.0184922168460915,0.0112966698508032,-0.0507570280864622,0.4761904761904761,Stacked_Ensemble,9,DIS
0.0006947268155694,0.0263576709056292,0.0171769652060595,-1.362392838383136,0.4285714285714285,Naive,10,DIS
0.0003176068909398,0.017821528860898,0.0117254663964218,-0.0800104843547047,0.5079365079365079,Ridge_Regression,10,DIS
0.0003106732666733,0.0176259259805929,0.0109114937169584,-0.0564329515114636,0.5238095238095238,Random_Forest,10,DIS
0.0003025243773183,0.0173932279154365,0.0108132184924287,-0.0287229546873242,0.5079365079365079,XGBoost,10,DIS
0.0002938825018941,0.0171430015427335,0.0105833002914141,0.0006634230293562,0.5238095238095238,LSTM,10,DIS
0.0003032114515654,0.0174129679137536,0.0104792707770358,-0.0310593252496627,0.4761904761904761,GRU,10,DIS
0.0003246330362192,0.0180175757586656,0.0111030121918727,-0.103902631480155,0.4761904761904761,Transformer,10,DIS
0.0002982893012489,0.0172710538546139,0.0105296777510579,-0.0143217351690725,0.492063492063492,Stacked_Ensemble,10,DIS
0.0003250886852961,0.0180302158971032,0.0131094294323239,-0.6927936254243403,0.5079365079365079,Naive,11,DIS
0.0002301175093518,0.0151696245619934,0.0113295619548633,-0.1982621067676886,0.492063492063492,Ridge_Regression,11,DIS
0.0001813143726805,0.0134653025469366,0.0101073063068933,0.0558643590077065,0.3809523809523809,Random_Forest,11,DIS
0.0001923287741766,0.0138682650023938,0.01080185148894,-0.0014895554278218,0.4126984126984127,XGBoost,11,DIS
0.0001945589051199,0.0139484373719767,0.0101659793506481,-0.0131022371835727,0.4285714285714285,LSTM,11,DIS
0.0001918775758325,0.0138519881545044,0.0101670136305677,0.0008599132409611,0.5238095238095238,GRU,11,DIS
0.0001971894568308,0.0140424163458732,0.0103831452375854,-0.026799979888733,0.5555555555555556,Transformer,11,DIS
0.0001848390683899,0.0135955532579568,0.0102470708106055,0.0375106521630539,0.4444444444444444,Stacked_Ensemble,11,DIS
0.0003535664222607,0.0188033619935561,0.0147543609017209,-0.7213722164829637,0.4126984126984127,Naive,12,DIS
0.0002177668656631,0.0147569260235043,0.0108776806687604,-0.0602189818431448,0.4603174603174603,Ridge_Regression,12,DIS
0.000212836251407,0.0145889085063638,0.009832148102415,-0.0362138109436633,0.4603174603174603,Random_Forest,12,DIS
0.0002142791702108,0.0146382775698121,0.0104568546085518,-0.0432388002614732,0.4603174603174603,XGBoost,12,DIS
0.0002191993934107,0.0148053839332438,0.0098722327553557,-0.067193381301813,0.4126984126984127,LSTM,12,DIS
0.0002133047806233,0.0146049573988875,0.0097020420947465,-0.0384948906070821,0.5873015873015873,GRU,12,DIS
0.0002098123475003,0.0144849006727809,0.0097025760046066,-0.0214916432189327,0.5079365079365079,Transformer,12,DIS
0.0002098421540918,0.0144859295211545,0.0098497032766191,-0.0216367594836464,0.4285714285714285,Stacked_Ensemble,12,DIS
0.0004247723237723,0.0206100054287308,0.0166700745776661,-1.1755163120562775,0.3492063492063492,Naive,13,DIS
0.0002078298528104,0.0144163051025723,0.0109687333027132,-0.0644225379517697,0.5079365079365079,Ridge_Regression,13,DIS
0.000206624305795,0.0143744323642717,0.0108195812705159,-0.0582482016067658,0.4761904761904761,Random_Forest,13,DIS
0.0002091554872771,0.0144622089349164,0.0108979425621468,-0.0712119148597698,0.5238095238095238,XGBoost,13,DIS
0.000197506852813,0.0140537131325873,0.0105404084479853,-0.0115522033587622,0.492063492063492,LSTM,13,DIS
0.0001973832188864,0.0140493138226188,0.0105367371974944,-0.0109189991478082,0.492063492063492,GRU,13,DIS
0.0002022288480668,0.014220718971516,0.0105355560818809,-0.0357364006925673,0.5079365079365079,Transformer,13,DIS
0.0001988612787261,0.0141018182773062,0.0106073385444693,-0.0184890386998066,0.5555555555555556,Stacked_Ensemble,13,DIS
0.0016789657242931,0.0409751842496549,0.0257124424473644,-1.039236954996524,0.4761904761904761,Naive,14,DIS
0.0009350304958566,0.0305782683593532,0.018767344556095,-0.1356686522009087,0.4603174603174603,Ridge_Regression,14,DIS
0.0008765390352576,0.0296064019302857,0.0179783983694864,-0.0646261369908931,0.5396825396825397,Random_Forest,14,DIS
0.0008906053629333,0.0298430119614849,0.0180455215447011,-0.0817108069173546,0.5079365079365079,XGBoost,14,DIS
0.0008304604964801,0.0288177115066432,0.0167085078156661,-0.0086600992405445,0.5238095238095238,LSTM,14,DIS
0.0008331336515501,0.0288640546623332,0.0167847555564534,-0.0119068579601475,0.4761904761904761,GRU,14,DIS
0.0008322576049207,0.0288488752799952,0.0167618610278781,-0.0108428298890512,0.4761904761904761,Transformer,14,DIS
0.0008459729217804,0.0290856136565904,0.0168791569834341,-0.0275011693567062,0.492063492063492,Stacked_Ensemble,14,DIS
0.0002454592812345,0.0156671401740881,0.0126887996072652,-1.171345587728053,0.4444444444444444,Naive,15,DIS
0.0001246551213863,0.0111649057938873,0.0091521145953017,-0.1027056970455471,0.5396825396825397,Ridge_Regression,15,DIS
0.0001159917633159,0.0107699472290229,0.0087731335012538,-0.0260691802817634,0.5238095238095238,Random_Forest,15,DIS
0.0001186045219431,0.0108905703222155,0.0091551239279662,-0.0491817791959301,0.4285714285714285,XGBoost,15,DIS
0.000119469621866,0.010930216002716,0.009170700025359,-0.0568344981768516,0.365079365079365,LSTM,15,DIS
0.0001131288831612,0.0106362062391281,0.008582425243681,-0.0007439933066679,0.6349206349206349,GRU,15,DIS
0.0001139957302952,0.0106768783029147,0.0087353122597077,-0.0084121682077722,0.6031746031746031,Transformer,15,DIS
0.0001132896452666,0.0106437608610225,0.0088406247022718,-0.0021661032647983,0.4761904761904761,Stacked_Ensemble,15,DIS
0.0004811846010644,0.0219359203377576,0.0155529280301773,-1.0203798600761549,0.5079365079365079,Naive,16,DIS
0.0002612877799,0.01616439853196,0.0113428329479062,-0.0970853327937808,0.4444444444444444,Ridge_Regression,16,DIS
0.0002399700364055,0.0154909662837912,0.0109956397023634,-0.0075771907559254,0.4285714285714285,Random_Forest,16,DIS
0.0002769796968622,0.0166427070172577,0.0118552419128761,-0.1629719653385057,0.4603174603174603,XGBoost,16,DIS
0.0002381775394621,0.0154330016348775,0.0109185846094089,-5.092180273447156e-05,0.5238095238095238,LSTM,16,DIS
0.000239936094019,0.0154898706908418,0.0108882400658191,-0.0074346747359848,0.5238095238095238,GRU,16,DIS
0.0002383025890885,0.0154370524741136,0.0108717494455834,-0.0005759754851299,0.5238095238095238,Transformer,16,DIS
0.0002480662132016,0.0157501178789765,0.0111194203466556,-0.0415711143068255,0.4285714285714285,Stacked_Ensemble,16,DIS
0.0007956316047439,0.0282069424919464,0.0207634168936853,-1.4905722827063292,0.4444444444444444,Naive,17,DIS
0.0003260954271265,0.0180581125017682,0.0134911277819483,-0.020779249436593,0.5079365079365079,Ridge_Regression,17,DIS
0.0003297083158852,0.0181578720087253,0.0129735900316646,-0.0320887054076113,0.6190476190476191,Random_Forest,17,DIS
0.0003403659703748,0.0184490100106971,0.0131596197250046,-0.0654504506073692,0.4603174603174603,XGBoost,17,DIS
0.0003363195785334,0.0183390179271795,0.0132192324815387,-0.0527839963023244,0.3809523809523809,LSTM,17,DIS
0.0003313965976166,0.0182043016239752,0.0130473336311358,-0.0373735478655992,0.3809523809523809,GRU,17,DIS
0.0003279696084194,0.0181099312096842,0.0129316264443979,-0.0266460148506657,0.6190476190476191,Transformer,17,DIS
0.0003320520140116,0.018222294422264,0.0130855416003287,-0.0394252033017368,0.4444444444444444,Stacked_Ensemble,17,DIS
0.0006376898256971,0.0252525211750666,0.0199202768946745,-1.2599465799017406,0.3968253968253968,Naive,18,DIS
0.0002924534544949,0.017101270552067,0.0125807918098829,-0.0364430443026473,0.5396825396825397,Ridge_Regression,18,DIS
0.0002871442595475,0.0169453314971287,0.0123551155028325,-0.0176274752282625,0.5238095238095238,Random_Forest,18,DIS
0.0002827393894704,0.0168148562131969,0.0120625757560833,-0.00201679639273,0.5555555555555556,XGBoost,18,DIS
0.0002836447314113,0.0168417555917248,0.0123100432300164,-0.0052252910880243,0.5238095238095238,LSTM,18,DIS
0.0002876953748055,0.0169615852680563,0.0123247133960916,-0.0195806050919828,0.5238095238095238,GRU,18,DIS
0.000284591108531,0.0168698283491889,0.012294423286114,-0.0085792127734378,0.5238095238095238,Transformer,18,DIS
0.000280431859783,0.0167460998379639,0.0121109923596617,0.0061609941489868,0.5714285714285714,Stacked_Ensemble,18,DIS
0.0005207732451388,0.0228204567250267,0.0147378982507794,-0.919845715785914,0.5396825396825397,Naive,0,IBM
0.0003534964377558,0.0188015009442284,0.0130285891091046,-0.3031748998360928,0.5079365079365079,Ridge_Regression,0,IBM
0.00029926767395,0.0172993547264076,0.0114468070977164,-0.1032589847297702,0.4603174603174603,Random_Forest,0,IBM
0.0003544693972897,0.0188273576820996,0.0128833559876071,-0.3067617434579899,0.4603174603174603,XGBoost,0,IBM
0.0002712006421629,0.0164681705772959,0.0098365838069218,0.0002109443312995,0.5873015873015873,LSTM,0,IBM
0.000276408562992,0.0166255394797287,0.0099288350354467,-0.0189882072864882,0.5079365079365079,GRU,0,IBM
0.0002964232855152,0.0172169476248042,0.0105704088754354,-0.0927730640308608,0.5396825396825397,Transformer,0,IBM
0.0002750372343247,0.0165842465709095,0.0104481940287794,-0.0139327642670668,0.4444444444444444,Stacked_Ensemble,0,IBM
0.0003150697390161,0.0177502039147778,0.0124601498464732,-0.8877073831355013,0.5714285714285714,Naive,1,IBM
0.0002314754054023,0.0152143158046076,0.0112426889150527,-0.3868606777555714,0.4444444444444444,Ridge_Regression,1,IBM
0.0001712476015825,0.0130861606891615,0.0098893060640554,-0.0260120913580574,0.4761904761904761,Random_Forest,1,IBM
0.0001917314398129,0.0138467122383962,0.0104614554780823,-0.1487388653834127,0.4444444444444444,XGBoost,1,IBM
0.0001675030261782,0.0129422960164818,0.0097129680740433,-0.0035768595280969,0.4603174603174603,LSTM,1,IBM
0.000167612030862,0.0129465065118742,0.0095736047038913,-0.0042299496882964,0.492063492063492,GRU,1,IBM
0.0001731947291316,0.0131603468469349,0.0100320467736509,-0.0376781023871339,0.4603174603174603,Transformer,1,IBM
0.0001706443280166,0.0130630902935185,0.0098350945822316,-0.0223976408937573,0.4126984126984127,Stacked_Ensemble,1,IBM
0.0004644514731823,0.0215511362387764,0.0161550938355141,-0.6417403920567668,0.5079365079365079,Naive,2,IBM
0.0003212696624754,0.0179239968331676,0.0139140900937111,-0.1356221523303948,0.492063492063492,Ridge_Regression,2,IBM
0.0003455696362003,0.0185895033876748,0.0128259483702124,-0.2215175594799467,0.5238095238095238,Random_Forest,2,IBM
0.000287604102245,0.016958894487702,0.0128915045253545,-0.0166213239494319,0.4603174603174603,XGBoost,2,IBM
0.0002829880367965,0.0168222482681883,0.0121628988841748,-0.000304482391874,0.5714285714285714,LSTM,2,IBM
0.0003561933603937,0.0188730856087123,0.0140316131980702,-0.25907023856371,0.4285714285714285,GRU,2,IBM
0.0002832555452632,0.016830197421992,0.0121822338998456,-0.0012500697789137,0.5714285714285714,Transformer,2,IBM
0.0002810580006,0.0167647845378368,0.0123646861932589,0.0065177984379647,0.5396825396825397,Stacked_Ensemble,2,IBM
0.0003094717210864,0.0175918083517989,0.0141334732217369,-0.7937593256427617,0.5079365079365079,Naive,3,IBM
0.0002360526194132,0.0153640040163108,0.0118399376331592,-0.3682076860800198,0.5238095238095238,Ridge_Regression,3,IBM
0.0001867391498969,0.0136652533784408,0.0103265505637423,-0.0823770598955027,0.5238095238095238,Random_Forest,3,IBM
0.0001808226068968,0.0134470296681784,0.0102464963005911,-0.0480836060549778,0.5555555555555556,XGBoost,3,IBM
0.0001806733769752,0.0134414797167306,0.0100808260134349,-0.0472186399037017,0.5396825396825397,LSTM,3,IBM
0.0001733985715171,0.0131680891368912,0.0101580093364736,-0.0050524281186068,0.4603174603174603,GRU,3,IBM
0.000176805979959,0.0132968409766793,0.0102374858401585,-0.0248024416178311,0.4603174603174603,Transformer,3,IBM
0.0001749175253382,0.0132256389387517,0.0100608891779184,-0.0138565849969052,0.492063492063492,Stacked_Ensemble,3,IBM
0.0004285059987353,0.0207003864392764,0.0160581313841859,-0.6512748973409517,0.5238095238095238,Naive,4,IBM
0.0003131356050456,0.0176956380231315,0.0138304186532128,-0.2066878074090763,0.4444444444444444,Ridge_Regression,4,IBM
0.0002861300421296,0.0169153788645029,0.0129103032505572,-0.1026201671347211,0.5396825396825397,Random_Forest,4,IBM
0.0002616405137255,0.0161753056764174,0.0124297502616399,-0.0082482245696147,0.4761904761904761,XGBoost,4,IBM
0.0002565322445209,0.0160166240051068,0.0119071853907875,0.0114368130524291,0.4603174603174603,LSTM,4,IBM
0.0002628747900395,0.0162134138921913,0.0119307038096649,-0.0130045862066516,0.4761904761904761,GRU,4,IBM
0.0002749219196344,0.0165807695730446,0.0121680634897278,-0.0594289600632225,0.492063492063492,Transformer,4,IBM
0.0002600251288991,0.0161252946918545,0.0119261302924538,-0.0020232372386694,0.4603174603174603,Stacked_Ensemble,4,IBM
0.0002590723529013,0.0160957246777306,0.0123102441373579,-1.0677413954815638,0.4603174603174603,Naive,5,IBM
0.000157406403046,0.01254617085194,0.0095688744973435,-0.2563121145396887,0.4126984126984127,Ridge_Regression,5,IBM
0.0001367916750854,0.0116957973257703,0.0086981955711436,-0.0917792113436986,0.4603174603174603,Random_Forest,5,IBM
0.0001273430587234,0.0112846381742355,0.0086866800089506,-0.0163667060605026,0.5555555555555556,XGBoost,5,IBM
0.0001327387402969,0.0115212299819501,0.0080924056002908,-0.0594314098838411,0.492063492063492,LSTM,5,IBM
0.0001355673004588,0.0116433371701939,0.0090058313555424,-0.082007075989219,0.5079365079365079,GRU,5,IBM
0.000136524868793,0.0116843856831682,0.0082663384006026,-0.0896497428406417,0.5396825396825397,Transformer,5,IBM
0.0001262792237111,0.0112374028899529,0.0081092999674894,-0.0078758900075976,0.5079365079365079,Stacked_Ensemble,5,IBM
0.0001532324372131,0.0123787090285376,0.0103837275296722,-0.6050158394227809,0.5555555555555556,Naive,6,IBM
0.0001187482411706,0.0108971666579261,0.0089230893302122,-0.243815026692129,0.5555555555555556,Ridge_Regression,6,IBM
0.0001000106412691,0.0100005320493022,0.0078843487607825,-0.0475501549612,0.5396825396825397,Random_Forest,6,IBM
0.0001021279299318,0.010105836429106,0.0079550250637987,-0.0697274556822948,0.492063492063492,XGBoost,6,IBM
9.624678696007528e-05,0.0098105446821303,0.0076177290800246,-0.0081260885352794,0.5555555555555556,LSTM,6,IBM
9.723199042818966e-05,0.0098606282978413,0.0076711728490361,-0.0184454908768199,0.4444444444444444,GRU,6,IBM
9.642659337141436e-05,0.0098197043423625,0.0076278206440605,-0.0100094504622809,0.5555555555555556,Transformer,6,IBM
9.643737581291751e-05,0.0098202533476951,0.0076564542920914,-0.0101223899267637,0.5079365079365079,Stacked_Ensemble,6,IBM
0.000158417475807,0.0125864004309019,0.0100449233108426,-1.260385997723155,0.5238095238095238,Naive,7,IBM
0.0001089135996934,0.0104361678643768,0.0085202588085769,-0.5540379901559653,0.5079365079365079,Ridge_Regression,7,IBM
7.37880787666322e-05,0.0085899987640646,0.0066932582385115,-0.0528481103068356,0.5396825396825397,Random_Forest,7,IBM
9.480015586929124e-05,0.0097365371600631,0.0077623070265033,-0.3526597606565145,0.492063492063492,XGBoost,7,IBM
7.151766157621396e-05,0.008456811549054,0.0065714942872749,-0.0204525731347664,0.6190476190476191,LSTM,7,IBM
7.560292357686475e-05,0.0086949941677303,0.0068285554292936,-0.0787432950154198,0.3809523809523809,GRU,7,IBM
7.046616566851534e-05,0.0083944127649595,0.0064812493185373,-0.0054492623300881,0.6349206349206349,Transformer,7,IBM
7.562132259084355e-05,0.0086960521267321,0.0068516187533551,-0.0790058220715903,0.5555555555555556,Stacked_Ensemble,7,IBM
0.000198592076363,0.0140922700926087,0.0096914806598791,-0.9364653207338394,0.5873015873015873,Naive,8,IBM
0.0001439632722804,0.0119984695807614,0.0089747356158068,-0.4037815069763619,0.5555555555555556,Ridge_Regression,8,IBM
0.0001092762841007,0.0104535297436186,0.0075026656046506,-0.0655497359968737,0.3333333333333333,Random_Forest,8,IBM
0.0001048126767755,0.0102378062481918,0.0071708927910221,-0.0220252361833497,0.5714285714285714,XGBoost,8,IBM
0.0001023983269826,0.0101192058474278,0.0072855977695228,0.0015170155101348,0.6190476190476191,LSTM,8,IBM
0.0001027251383698,0.0101353410583875,0.0072791689342169,-0.0016697124266469,0.5555555555555556,GRU,8,IBM
0.0001056436251552,0.0102783084773346,0.0074092044733212,-0.0301277886624915,0.5555555555555556,Transformer,8,IBM
0.0001028513998687,0.0101415679196445,0.0072369271332637,-0.0029008844778799,0.5555555555555556,Stacked_Ensemble,8,IBM
0.0006158334553679,0.0248159919279477,0.0166418723651555,-1.2432600645274516,0.492063492063492,Naive,9,IBM
0.0003810946055367,0.0195216445397613,0.0139381388139311,-0.3881907550747254,0.4444444444444444,Ridge_Regression,9,IBM
0.000290246553539,0.0170366238891104,0.0111816089396972,-0.0572639351523238,0.5714285714285714,Random_Forest,9,IBM
0.0004162674839579,0.020402634240654,0.014217121631845,-0.5163129167221712,0.5079365079365079,XGBoost,9,IBM
0.000278743417523,0.0166956107262687,0.0108893892420057,-0.0153621426849075,0.5555555555555556,LSTM,9,IBM
0.0002865725525013,0.0169284539312175,0.0110771975681124,-0.0438808691091181,0.4444444444444444,GRU,9,IBM
0.0004716895249378,0.0217184144204365,0.0155333753023069,-0.7181955038748509,0.5555555555555556,Transformer,9,IBM
0.0002903890055538,0.0170408041346007,0.0111122631321873,-0.057782836672146,0.5555555555555556,Stacked_Ensemble,9,IBM
0.0003920617760325,0.0198005498921757,0.0129099296944599,-0.9942850606598824,0.5396825396825397,Naive,10,IBM
0.0002132633458911,0.0146035388139719,0.0096234915962817,-0.0847981892063636,0.3809523809523809,Ridge_Regression,10,IBM
0.0002192416306743,0.0148068102802169,0.0090948308160623,-0.1152076929128078,0.6190476190476191,Random_Forest,10,IBM
0.0002467625585478,0.0157086778103001,0.0096427259445374,-0.2551973033996517,0.6031746031746031,XGBoost,10,IBM
0.000211505950316,0.0145432441468899,0.0085583945284603,-0.0758589149505895,0.5714285714285714,LSTM,10,IBM
0.0002034584785672,0.0142638872179786,0.0082865432442092,-0.0349241601086647,0.5714285714285714,GRU,10,IBM
0.0002009914706136,0.0141771460673037,0.0087915428141991,-0.0223753287584647,0.4285714285714285,Transformer,10,IBM
0.0002041593764096,0.0142884350581054,0.0083867676359555,-0.0384893893193651,0.6031746031746031,Stacked_Ensemble,10,IBM
0.000301604093057,0.0173667525190251,0.0133386007021755,-1.2037268422664624,0.492063492063492,Naive,11,IBM
0.0001912087152319,0.0138278239514358,0.0107851807480058,-0.3971023203325705,0.3809523809523809,Ridge_Regression,11,IBM
0.0007552398603782,0.0274816276879347,0.0203359705872481,-4.518301611212727,0.4285714285714285,Random_Forest,11,IBM
0.0001972601059464,0.0140449316818009,0.0108656603616034,-0.4413179409348438,0.4285714285714285,XGBoost,11,IBM
0.0001447164557947,0.0120298152851476,0.0091413951384364,-0.0573979116797489,0.6031746031746031,LSTM,11,IBM
0.0001519359116563,0.0123262286063628,0.0093466571008285,-0.110148219234881,0.4761904761904761,GRU,11,IBM
0.0001577512801304,0.0125599076481644,0.0094908487472584,-0.1526392990944067,0.492063492063492,Transformer,11,IBM
0.0001682800180279,0.0129722788294096,0.0100950338783212,-0.2295694961776082,0.3809523809523809,Stacked_Ensemble,11,IBM
0.0004247514648206,0.0206094993830666,0.0148083819094195,-0.8071146759544969,0.5396825396825397,Naive,12,IBM
0.0002533763579989,0.0159178000364053,0.0120572488177548,-0.0779954232135144,0.4761904761904761,Ridge_Regression,12,IBM
0.0007641751410998,0.0276437179319244,0.0245459890938951,-2.251200353280109,0.4285714285714285,Random_Forest,12,IBM
0.0002715427241799,0.0164785534613916,0.0118844819289027,-0.155284637385467,0.4285714285714285,XGBoost,12,IBM
0.0002348553204392,0.0153249900632661,0.0104088373730986,0.0008027483297364,0.5238095238095238,LSTM,12,IBM
0.0002353827015125,0.015342186985974,0.0103786176600825,-0.0014410063279122,0.5873015873015873,GRU,12,IBM
0.0002352403164311,0.015337545971607,0.0103896418676836,-0.0008352257912833,0.5873015873015873,Transformer,12,IBM
0.0002420225153143,0.0155570728388836,0.0109421369355038,-0.0296902437302974,0.4126984126984127,Stacked_Ensemble,12,IBM
0.000918281704757,0.030303163279715,0.0188998328959692,-1.0964853657807572,0.5714285714285714,Naive,13,IBM
0.0004640112670282,0.021540920756278,0.0131013120240102,-0.0593620953598987,0.492063492063492,Ridge_Regression,13,IBM
0.0004315404406875,0.0207735514702605,0.0130805211459231,0.0147705067440144,0.5238095238095238,Random_Forest,13,IBM
0.0004802774316612,0.0219152328680591,0.0124364729695483,-0.0964986036163841,0.6349206349206349,XGBoost,13,IBM
0.0004388581377468,0.0209489412082523,0.0126063889723637,-0.0019361800128547,0.5396825396825397,LSTM,13,IBM
0.0004387915092073,0.0209473508875797,0.0127730416772389,-0.0017840635576009,0.5396825396825397,GRU,13,IBM
0.0004383610426816,0.0209370734029769,0.0138740067845722,-0.0008012858685668,0.492063492063492,Transformer,13,IBM
0.0004386776799826,0.0209446336798399,0.0123320332875178,-0.0015241854585883,0.6031746031746031,Stacked_Ensemble,13,IBM
0.0008505946473327,0.0291649558088604,0.0205331550924631,-1.1276983991269227,0.5238095238095238,Naive,14,IBM
0.0004955374286195,0.0222606699948489,0.0166150278445777,-0.2395495279537394,0.4444444444444444,Ridge_Regression,14,IBM
0.0005877954485709,0.0242444931597044,0.0175315359173731,-0.4703260111737117,0.6190476190476191,Random_Forest,14,IBM
0.0004141781470818,0.0203513672042408,0.0147337634725287,-0.0360354174138541,0.4603174603174603,XGBoost,14,IBM
0.0004009531988341,0.0200238157910564,0.0141184936109168,-0.0029542061654903,0.6190476190476191,LSTM,14,IBM
0.0004010388074315,0.020025953346383,0.0142449881105328,-0.0031683496192553,0.6190476190476191,GRU,14,IBM
0.0004524525261671,0.0212709314832988,0.0158184747241059,-0.1317758918723126,0.5238095238095238,Transformer,14,IBM
0.000400928759767,0.0200232055317576,0.014262108046476,-0.0028930736810393,0.5714285714285714,Stacked_Ensemble,14,IBM
0.0005117559555639,0.0226220236840994,0.0166099810168261,-0.817431939315207,0.4603174603174603,Naive,15,IBM
0.0002909236637358,0.0170564845069511,0.0116646934538066,-0.0331759750474986,0.6507936507936508,Ridge_Regression,15,IBM
0.0002933118233913,0.0171263488050227,0.0118408997581229,-0.0416572004964443,0.492063492063492,Random_Forest,15,IBM
0.0002890689629058,0.0170020281997722,0.0116319165856575,-0.0265892563396981,0.5714285714285714,XGBoost,15,IBM
0.0002802939356334,0.0167419812338151,0.0116233813881933,0.0045740641060918,0.5238095238095238,LSTM,15,IBM
0.0002927713748598,0.0171105632537283,0.0119922126278311,-0.039737870761328,0.5079365079365079,GRU,15,IBM
0.0003289955361786,0.0181382340975818,0.0126861441033459,-0.1683830717404149,0.5079365079365079,Transformer,15,IBM
0.0002801951110304,0.0167390295725437,0.0114516418234754,0.0049250262938045,0.6507936507936508,Stacked_Ensemble,15,IBM
0.0005481880747695,0.0234134165548217,0.0176223779361464,-1.005644289923655,0.5238095238095238,Naive,16,IBM
0.0003142492554021,0.0177270768995374,0.0130441100143226,-0.149737204653555,0.4126984126984127,Ridge_Regression,16,IBM
0.0007142128136137,0.0267247603097524,0.0220733655282474,-1.613075543492485,0.5238095238095238,Random_Forest,16,IBM
0.0003278189813077,0.0181057720439563,0.0139990778032462,-0.1993844781551326,0.492063492063492,XGBoost,16,IBM
0.0002743875087225,0.0165646463506649,0.0118444605892988,-0.0038958624321618,0.5555555555555556,LSTM,16,IBM
0.0002827077850524,0.0168139164102955,0.0118762214715419,-0.0343370841214194,0.5079365079365079,GRU,16,IBM
0.000290302487352,0.0170382653856563,0.0125151160780162,-0.0621236632208668,0.4603174603174603,Transformer,16,IBM
0.0002758565366976,0.0166089294265967,0.0121852258135502,-0.0092705644834314,0.5238095238095238,Stacked_Ensemble,16,IBM
0.0019888035743219,0.0445960040174224,0.032025562790617,-1.2899647376092285,0.4444444444444444,Naive,17,IBM
0.0010233713083898,0.0319901751853572,0.0230322448159923,-0.1783386956616501,0.4444444444444444,Ridge_Regression,17,IBM
0.0009248632517569,0.0304115644411298,0.021206543280622,-0.0649137305357967,0.5396825396825397,Random_Forest,17,IBM
0.0009397382954639,0.0306551512060198,0.0218113598552715,-0.0820412769657732,0.5079365079365079,XGBoost,17,IBM
0.0008787096320186,0.0296430368218011,0.020884793482514,-0.0117711461808529,0.5079365079365079,LSTM,17,IBM
0.000887844169635,0.0297967140744592,0.0209119802515119,-0.0222889113870503,0.492063492063492,GRU,17,IBM
0.0008787212630002,0.0296432330051951,0.0208762295866231,-0.0117845384223749,0.5079365079365079,Transformer,17,IBM
0.0009022673440096,0.0300377652965331,0.0211544847869947,-0.0388961626754709,0.4603174603174603,Stacked_Ensemble,17,IBM
0.0016666049587512,0.0408240732748608,0.0308534595067515,-0.4525373787531699,0.6031746031746031,Naive,18,IBM
0.0012080456006346,0.0347569503931902,0.0242578062016878,-0.0528778166333061,0.6031746031746031,Ridge_Regression,18,IBM
0.001315694963272,0.0362725097459775,0.0246386891190727,-0.1467001241985388,0.4603174603174603,Random_Forest,18,IBM
0.0012668640143143,0.0355930332272257,0.0236065483959705,-0.1041412813074755,0.5238095238095238,XGBoost,18,IBM
0.0011486347232697,0.0338915140303556,0.0232130843165081,-0.0010979874518928,0.5396825396825397,LSTM,18,IBM
0.0011568315880039,0.034012227036816,0.0233177163125466,-0.0082420034062358,0.4603174603174603,GRU,18,IBM
0.0012094728068736,0.0347774755678673,0.0246476896649931,-0.0541217049334907,0.4126984126984127,Transformer,18,IBM
0.0011706550389263,0.0342148365322169,0.0231089386999942,-0.0202898969773657,0.5396825396825397,Stacked_Ensemble,18,IBM
0.0012517587023414,0.0353802021240899,0.021403199149326,-1.1566605006453394,0.3968253968253968,Naive,0,ORCL
0.0005832194005861,0.024149935829856,0.0136435263384021,-0.0048312363249125,0.5396825396825397,Ridge_Regression,0,ORCL
0.000407853564813,0.0201953847404062,0.0128068808361403,0.2973073231811075,0.5555555555555556,Random_Forest,0,ORCL
0.0007120404353966,0.0266840858077735,0.0139167800798154,-0.2267775562572496,0.5238095238095238,XGBoost,0,ORCL
0.0005830061529743,0.0241455203500436,0.0135326641124453,-0.0044638310891007,0.5396825396825397,LSTM,0,ORCL
0.000582095424146,0.0241266538116267,0.0135610576971813,-0.0028947324384567,0.5079365079365079,GRU,0,ORCL
0.0007060019180564,0.0265706966046511,0.015967650656362,-0.2163737685258679,0.492063492063492,Transformer,0,ORCL
0.000580100869607,0.0240852832577696,0.0133792879814186,0.0005416942328922,0.5873015873015873,Stacked_Ensemble,0,ORCL
0.000564123738081,0.0237512891877686,0.0186594486938548,-0.7266734467131062,0.5873015873015873,Naive,1,ORCL
0.0005487590219921,0.0234256061179245,0.019409129884106,-0.6796450281303597,0.492063492063492,Ridge_Regression,1,ORCL
0.0005189616082193,0.0227807288781412,0.0164852743111532,-0.5884409186965327,0.6031746031746031,Random_Forest,1,ORCL
0.0005981608223273,0.0244573265572373,0.0190657402680531,-0.8308543659057639,0.4761904761904761,XGBoost,1,ORCL
0.0003255724352971,0.0180436258910774,0.0130760451951757,0.0034858647827521,0.5238095238095238,LSTM,1,ORCL
0.0003508114533158,0.0187299613805212,0.0142143013432187,-0.0737658785708883,0.3968253968253968,GRU,1,ORCL
0.0019872619761321,0.0445787166272444,0.0372213280689295,-5.082623818530445,0.3809523809523809,Transformer,1,ORCL
0.0003466240268796,0.0186178416278477,0.0140010785133515,-0.0609489776866214,0.5079365079365079,Stacked_Ensemble,1,ORCL
0.0013461096319429,0.0366893667421908,0.0268105448387364,-1.5456906802200463,0.4285714285714285,Naive,2,ORCL
0.0005590146054369,0.0236434897051382,0.0181531700781725,-0.0571785814456464,0.5079365079365079,Ridge_Regression,2,ORCL
0.000535742525319,0.0231461125314618,0.0179185528013689,-0.0131676657968828,0.4126984126984127,Random_Forest,2,ORCL
0.0005845097315881,0.0241766360684893,0.0191852415395613,-0.1053936030858018,0.3492063492063492,XGBoost,2,ORCL
0.0005346636470701,0.0231227949666594,0.0176375130690138,-0.01112734884335,0.5714285714285714,LSTM,2,ORCL
0.0005347102388974,0.0231238024316391,0.0174774325774043,-0.0112154608200685,0.492063492063492,GRU,2,ORCL
0.0005484182963583,0.0234183324845812,0.0174518849854936,-0.0371394073501858,0.4761904761904761,Transformer,2,ORCL
0.0005428586920901,0.0232993281467548,0.0179924603336019,-0.0266253805313445,0.3174603174603174,Stacked_Ensemble,2,ORCL
0.0004039241357885,0.0200978639608434,0.0163186195460872,-0.6038540155147869,0.5238095238095238,Naive,3,ORCL
0.0003144568719899,0.0177329318498071,0.013417498543309,-0.2486080235404004,0.5238095238095238,Ridge_Regression,3,ORCL
0.0002568149508934,0.0160254469795216,0.0121283355909514,-0.0197303249298947,0.4761904761904761,Random_Forest,3,ORCL
0.0002751955757629,0.0165890197348422,0.0127113636675543,-0.0927139285145397,0.492063492063492,XGBoost,3,ORCL
0.0002513125737148,0.0158528411874615,0.0117631108694467,0.00211786127843,0.492063492063492,LSTM,3,ORCL
0.0002582905429995,0.0160714200679203,0.0120281995535888,-0.0255894309226634,0.492063492063492,GRU,3,ORCL
0.0002734845918484,0.0165373695565047,0.0122987079239828,-0.0859201566679614,0.3968253968253968,Transformer,3,ORCL
0.0002546239084275,0.0159569391935788,0.0119276446770447,-0.0110303935672533,0.5555555555555556,Stacked_Ensemble,3,ORCL
0.0005509998461961,0.0234733859124787,0.0194731509840374,-0.4931791912237109,0.6031746031746031,Naive,4,ORCL
0.0003841062080699,0.0195986277088466,0.0161093685996932,-0.0409066373963122,0.4761904761904761,Ridge_Regression,4,ORCL
0.0004055508420824,0.020138292928708,0.0158753937337364,-0.0990204127301945,0.492063492063492,Random_Forest,4,ORCL
0.0004413360902794,0.0210080006254623,0.017076847785966,-0.1959964615065808,0.4444444444444444,XGBoost,4,ORCL
0.0003905837976636,0.0197631930027418,0.015616573741886,-0.0584605479051891,0.4126984126984127,LSTM,4,ORCL
0.0003753665758318,0.0193743793663662,0.0153314439645374,-0.0172227160904219,0.5714285714285714,GRU,4,ORCL
0.0003711671696576,0.0192656993036229,0.0152457140261093,-0.0058425569883981,0.5714285714285714,Transformer,4,ORCL
0.0003850678707669,0.0196231463014195,0.0157611726385171,-0.0435126902617888,0.4444444444444444,Stacked_Ensemble,4,ORCL
0.0002732395084859,0.0165299579093821,0.0138158552538889,-0.6459368192310482,0.5873015873015873,Naive,5,ORCL
0.0002085850725472,0.0144424745991571,0.0110682317672098,-0.2564722164446424,0.5079365079365079,Ridge_Regression,5,ORCL
0.0001782520512222,0.0133511067414743,0.010860333421534,-0.073752532479175,0.4126984126984127,Random_Forest,5,ORCL
0.0002006345500842,0.0141645525903318,0.011503559176717,-0.2085799561835764,0.4603174603174603,XGBoost,5,ORCL
0.0001657985121666,0.0128762771081794,0.0102550516821783,0.0012649442208463,0.5714285714285714,LSTM,5,ORCL
0.0001662831973471,0.0128950842318766,0.0103000258930343,-0.0016546964594112,0.5714285714285714,GRU,5,ORCL
0.0001651609777727,0.0128514971023901,0.010255009386073,0.0051053161283949,0.5714285714285714,Transformer,5,ORCL
0.000173135383505,0.0131580919401346,0.0106334648343753,-0.0429308118788545,0.4603174603174603,Stacked_Ensemble,5,ORCL
0.000472443529032,0.0217357661248005,0.0165350022944801,-0.7478810173400714,0.4126984126984127,Naive,6,ORCL
0.0004239476289365,0.0205899885608659,0.0137599480748039,-0.5684626149559624,0.5396825396825397,Ridge_Regression,6,ORCL
0.0003184661715577,0.0178456205147864,0.0115091745699625,-0.1782169544607199,0.5238095238095238,Random_Forest,6,ORCL
0.0003899679852532,0.019747607076638,0.0132897319048301,-0.442749443920025,0.492063492063492,XGBoost,6,ORCL
0.000288065866735,0.0169725032548262,0.0111724806142243,-0.0657461247093156,0.5873015873015873,LSTM,6,ORCL
0.0002974274998309,0.0172460865076969,0.0113195383571461,-0.1003809959141648,0.4126984126984127,GRU,6,ORCL
0.0002916910060686,0.0170789638464579,0.0112225208504982,-0.0791579122287013,0.5873015873015873,Transformer,6,ORCL
0.0003117184670316,0.017655550601202,0.0114931394424815,-0.1532527334964391,0.5238095238095238,Stacked_Ensemble,6,ORCL
0.0011714417894874,0.034226331814664,0.0198986607865351,-1.194732419654557,0.5238095238095238,Naive,7,ORCL
0.0005354980090553,0.0231408299128469,0.0131576021876484,-0.0032720803381605,0.6349206349206349,Ridge_Regression,7,ORCL
0.0005922889923741,0.0243369881533059,0.0139222584127209,-0.1096717438574608,0.5396825396825397,Random_Forest,7,ORCL
0.0006712220802419,0.0259079539956745,0.0156233640279912,-0.2575553249979112,0.5555555555555556,XGBoost,7,ORCL
0.0005383839652547,0.0232031024920101,0.0134132999007071,-0.00867900852648,0.5555555555555556,LSTM,7,ORCL
0.0005451542698328,0.0233485389228725,0.0133889942860189,-0.0213633835265758,0.5555555555555556,GRU,7,ORCL
0.0008766268802695,0.0296078854406985,0.0197164085999402,-0.6423875700301878,0.5555555555555556,Transformer,7,ORCL
0.000556837831872,0.0235974115502539,0.0133181281812379,-0.0432528983232201,0.5714285714285714,Stacked_Ensemble,7,ORCL
0.0012041453759053,0.0347007979145339,0.0197774180001974,-1.3559410558127136,0.4761904761904761,Naive,8,ORCL
0.0006394741603605,0.0252878263273176,0.0168428869437033,-0.2511474599918222,0.4126984126984127,Ridge_Regression,8,ORCL
0.0007003458929605,0.0264640490658655,0.0163009572209045,-0.3702445531172145,0.4761904761904761,Random_Forest,8,ORCL
0.000604960876276,0.0245959524368555,0.0168637783966063,-0.1836213418231531,0.4444444444444444,XGBoost,8,ORCL
0.0005247005523871,0.0229063430601032,0.013080493516321,-0.0265899766853952,0.5714285714285714,LSTM,8,ORCL
0.000511678148976,0.0226203039098956,0.013322455409708,-0.0011113131822435,0.365079365079365,GRU,8,ORCL
0.0005101999489298,0.0225876060911693,0.0133109425322417,0.001780822806699,0.4126984126984127,Transformer,8,ORCL
0.0005249335042837,0.0229114273733377,0.0138022762419721,-0.0270457529962819,0.492063492063492,Stacked_Ensemble,8,ORCL
0.0007389974702514,0.0271845079089433,0.0176922260889209,-1.113696550580899,0.5238095238095238,Naive,9,ORCL
0.0004465009798518,0.0211305697947745,0.0141611136073881,-0.2770917613868893,0.4285714285714285,Ridge_Regression,9,ORCL
0.0007506553416774,0.0273980901100322,0.0203407869821237,-1.1470406466194918,0.4285714285714285,Random_Forest,9,ORCL
0.000593190871187,0.0243555100785649,0.016512380735046,-0.6966573618143159,0.3968253968253968,XGBoost,9,ORCL
0.0003777484472254,0.0194357517792702,0.0120998129088832,-0.0804442802977467,0.4126984126984127,LSTM,9,ORCL
0.0003516810919348,0.0187531621849453,0.0115163988529874,-0.0058858668005445,0.5714285714285714,GRU,9,ORCL
0.0003603993013336,0.018984185558872,0.0115869880478183,-0.0308218779174169,0.4444444444444444,Transformer,9,ORCL
0.0004106548967758,0.0202646218019445,0.01294531761932,-0.1745640191420006,0.4126984126984127,Stacked_Ensemble,9,ORCL
0.0008933495711782,0.0298889539994007,0.0182802015673286,-1.0223988757786944,0.5238095238095238,Naive,10,ORCL
0.0004896629507959,0.0221283291460508,0.0138461156800402,-0.1085176879797151,0.5079365079365079,Ridge_Regression,10,ORCL
0.000780105255968,0.0279303644080781,0.0210458593007099,-0.7660320702655214,0.492063492063492,Random_Forest,10,ORCL
0.0005389839487056,0.0232160278408182,0.0141604047294172,-0.2201724465903622,0.4761904761904761,XGBoost,10,ORCL
0.0004468551700024,0.0211389491224719,0.0123551092690811,-0.0116077990129876,0.5238095238095238,LSTM,10,ORCL
0.0004421951530888,0.0210284367723539,0.0126439726348708,-0.0010582747604774,0.4761904761904761,GRU,10,ORCL
0.0004519230473899,0.02125848177528,0.0124507552964034,-0.0230806533822502,0.4761904761904761,Transformer,10,ORCL
0.0004602748759247,0.0214540177105539,0.0126559244518557,-0.0419878417713341,0.5873015873015873,Stacked_Ensemble,10,ORCL
0.000874177856654,0.0295664988907045,0.0195397924909219,-1.0225324686117587,0.6190476190476191,Naive,11,ORCL
0.00051171277094,0.022621069182071,0.0162937100986599,-0.1839189084368726,0.4444444444444444,Ridge_Regression,11,ORCL
0.0012886878281768,0.0358982984022484,0.029070279480955,-1.9815591353099404,0.6031746031746031,Random_Forest,11,ORCL
0.0005154109328685,0.0227026635633043,0.0157769219091853,-0.1924751221612632,0.492063492063492,XGBoost,11,ORCL
0.0004360547643312,0.0208819243445439,0.0139454344466899,-0.0088735515773297,0.6031746031746031,LSTM,11,ORCL
0.0004356240672406,0.0208716091195833,0.0139910580641968,-0.0078770737516684,0.6031746031746031,GRU,11,ORCL
0.0004326974248147,0.0208013803583976,0.0138238439427106,-0.0011058780671433,0.6031746031746031,Transformer,11,ORCL
0.0004491882771152,0.0211940623079957,0.0142529873349336,-0.0392597662706861,0.5555555555555556,Stacked_Ensemble,11,ORCL
0.0006890344998725,0.0262494666588217,0.0201286507447238,-1.0285879172304302,0.4126984126984127,Naive,12,ORCL
0.0005309862611011,0.0230431391329638,0.0168068424735445,-0.5632777657494434,0.4285714285714285,Ridge_Regression,12,ORCL
0.0009872848429213,0.0314210891428252,0.0210700539355518,-1.906667378172458,0.6190476190476191,Random_Forest,12,ORCL
0.0003606731402669,0.0189913964801691,0.0137724844771691,-0.0618585492460035,0.5396825396825397,XGBoost,12,ORCL
0.0003427135580867,0.0185125243574926,0.013259416757723,-0.0089837056553789,0.5555555555555556,LSTM,12,ORCL
0.0003412829287883,0.0184738444506921,0.0132869706586071,-0.0047717869353598,0.5555555555555556,GRU,12,ORCL
0.0003413389135704,0.0184753596330489,0.0134455197426913,-0.0049366118499178,0.492063492063492,Transformer,12,ORCL
0.0003302134029068,0.0181717748969902,0.013032002242219,0.0278180274451996,0.5714285714285714,Stacked_Ensemble,12,ORCL
0.0022829368994028,0.047780088943019,0.0345810932906505,-1.1687698159712547,0.4444444444444444,Naive,13,ORCL
0.0011580808627415,0.0340305871642198,0.0240454349872672,-0.1001665531030897,0.5079365079365079,Ridge_Regression,13,ORCL
0.001034804387423,0.0321683755794894,0.0226552430947818,0.0169450055913075,0.5238095238095238,Random_Forest,13,ORCL
0.0011724576761773,0.0342411693167358,0.0244066571158276,-0.1138243984152356,0.5079365079365079,XGBoost,13,ORCL
0.0010718016768204,0.0327383823183196,0.0225233683358569,-0.0182020913515639,0.5079365079365079,LSTM,13,ORCL
0.0010543123631434,0.0324701765185144,0.0225018372980628,-0.0015873984029304,0.492063492063492,GRU,13,ORCL
0.0020235178798213,0.0449835289836327,0.033407352794606,-0.9223240471441096,0.5079365079365079,Transformer,13,ORCL
0.0010795596767222,0.0328566534620037,0.0226639317447791,-0.0255721224827814,0.5079365079365079,Stacked_Ensemble,13,ORCL
0.0019546601591715,0.0442115387559801,0.0306308017676408,-0.8401567119823954,0.5079365079365079,Naive,14,ORCL
0.0012356455948785,0.0351517509503937,0.0242696033519666,-0.1632618204132672,0.4444444444444444,Ridge_Regression,14,ORCL
0.0012605605157522,0.0355043731919361,0.0247608723190912,-0.1867172321682213,0.3809523809523809,Random_Forest,14,ORCL
0.0010992448928086,0.0331548622800436,0.0225338278799552,-0.0348514334438425,0.5714285714285714,XGBoost,14,ORCL
0.0010770392900599,0.0328182767685925,0.0225704162781776,-0.0139466287134937,0.5714285714285714,LSTM,14,ORCL
0.0010903926028502,0.033021093301862,0.0227025013330463,-0.0265177081633085,0.5396825396825397,GRU,14,ORCL
0.0011943607431308,0.0345595246369344,0.0240596147187144,-0.1243954237713089,0.4285714285714285,Transformer,14,ORCL
0.001083594742051,0.0329180002741819,0.0222712224997263,-0.0201180641545313,0.5555555555555556,Stacked_Ensemble,14,ORCL
0.0047935848150773,0.0692357192139822,0.036466032252105,-1.1873982391175528,0.5714285714285714,Naive,15,ORCL
0.0023502238654547,0.0484791075150391,0.0263932333229077,-0.0724490633101948,0.4603174603174603,Ridge_Regression,15,ORCL
0.0031133582648152,0.0557974754340661,0.0382806773626396,-0.4206808993508855,0.4603174603174603,Random_Forest,15,ORCL
0.0022682482936867,0.0476261303664991,0.0271623226507962,-0.0350421479737044,0.4126984126984127,XGBoost,15,ORCL
0.0022037386160679,0.0469439944622097,0.0246376701904125,-0.0056052316213417,0.5873015873015873,LSTM,15,ORCL
0.0022056393885092,0.0469642352062634,0.024756188275046,-0.006472587984349,0.5873015873015873,GRU,15,ORCL
0.002513096128853,0.0501307902276937,0.0260263770651367,-0.1467705817358162,0.5555555555555556,Transformer,15,ORCL
0.0022123182765764,0.0470352875677019,0.0259646448041783,-0.0095202837195877,0.4126984126984127,Stacked_Ensemble,15,ORCL
0.0019332544515463,0.0439687895165002,0.0349560312892468,-0.8399487915512447,0.4761904761904761,Naive,16,ORCL
0.0014845565250089,0.0385299432261323,0.0290793961416776,-0.4129066052298575,0.5873015873015873,Ridge_Regression,16,ORCL
0.0040790262067864,0.0638672545737361,0.0502045912868446,-2.882158054196917,0.5079365079365079,Random_Forest,16,ORCL
0.0014717505171807,0.0383634007509864,0.0287159395581416,-0.4007186603841921,0.6349206349206349,XGBoost,16,ORCL
0.0011991833664455,0.0346292270552716,0.0255731881080192,-0.1413065590900639,0.4603174603174603,LSTM,16,ORCL
0.0010891771833826,0.0330026844875171,0.0252667733313357,-0.0366096613651132,0.3968253968253968,GRU,16,ORCL
0.0011338393609831,0.033672531252983,0.0265579241675381,-0.0791162851767828,0.492063492063492,Transformer,16,ORCL
0.0013234993177741,0.0363799301507595,0.0275895198656072,-0.25962258532997,0.5555555555555556,Stacked_Ensemble,16,ORCL
0.0018849193054096,0.043415657376224,0.0333850067069733,-0.8882421448755327,0.4444444444444444,Naive,17,ORCL
0.0011923914104081,0.0345310209870504,0.0270138689605716,-0.1944934235955693,0.4285714285714285,Ridge_Regression,17,ORCL
0.0031802562809715,0.0563937610110515,0.0463782009396496,-2.1858626117315416,0.4126984126984127,Random_Forest,17,ORCL
0.0014173375175758,0.0376475433139509,0.0300628084143528,-0.4198360781382306,0.3809523809523809,XGBoost,17,ORCL
0.0010506338762825,0.0324134829397051,0.0257019795982252,-0.0524859914888948,0.3968253968253968,LSTM,17,ORCL
0.0010394165917026,0.0322399843626297,0.0255195078205727,-0.0412489324624845,0.3968253968253968,GRU,17,ORCL
0.0010502772917691,0.0324079819144784,0.0256769497550366,-0.0521287783686992,0.3968253968253968,Transformer,17,ORCL
0.0013127633121129,0.0362320757356366,0.0285332075785017,-0.3150775235119276,0.3968253968253968,Stacked_Ensemble,17,ORCL
0.0023904566443571,0.0488922963702578,0.0372919439940087,-0.3606166723630075,0.6190476190476191,Naive,18,ORCL
0.0018217620672015,0.0426821047653642,0.0324841166197778,-0.0369231533916831,0.5079365079365079,Ridge_Regression,18,ORCL
0.0017466376555364,0.0417927943016067,0.0319199938420986,0.0058366796528965,0.4603174603174603,Random_Forest,18,ORCL
0.0018091885378535,0.0425345569843342,0.0327231137325739,-0.0297664648561883,0.4444444444444444,XGBoost,18,ORCL
0.0017575672206834,0.0419233493495389,0.0319885646176734,-0.000384285950429,0.4761904761904761,LSTM,18,ORCL
0.0017536962281414,0.0418771563998969,0.0318601380085546,0.0018190324003779,0.6190476190476191,GRU,18,ORCL
0.0017658238573904,0.0420217069785416,0.0320298010765001,-0.0050838556278836,0.4126984126984127,Transformer,18,ORCL
0.0017693361203089,0.042063477273152,0.0322598245859525,-0.007082989766542,0.4285714285714285,Stacked_Ensemble,18,ORCL
0.0013071019507627456,0.03615386494916893,0.024912351315572977,-1.3571344650745414,0.4444444444444444,Naive,0,PFE
0.0006080884618880625,0.024659449748282353,0.01699462714213815,-0.09658337706106623,0.49206349206349204,Ridge_Regression,0,PFE
0.0005635513078450466,0.023739235620488006,0.016523648643341608,-0.016268248841827537,0.49206349206349204,Random_Forest,0,PFE
0.0005364448162547222,0.0231612783812708,0.015942465691157124,0.03261366547061173,0.5079365079365079,XGBoost,0,PFE
0.0005971249163036516,0.024436139554022268,0.016246767838530494,-0.07681250062610223,0.5079365079365079,LSTM,0,PFE
0.0010931550979826625,0.033062896091883155,0.024933067949911375,-0.9713179646187944,0.5238095238095238,GRU,0,PFE
0.010710226744650293,0.10349022535800322,0.09348812533608007,-18.31405930030676,0.5238095238095238,Transformer,0,PFE
0.000563739246042358,0.02374319367823878,0.016124959021578875,-0.016607163187359664,0.49206349206349204,Stacked_Ensemble,0,PFE
0.000791637928932492,0.028136061005984685,0.022063591045799445,-1.1998867115056364,0.5238095238095238,Naive,1,PFE
0.00044192372524513027,0.02102198195330617,0.017576187156692055,-0.22806411256317438,0.5079365079365079,Ridge_Regression,1,PFE
0.001431265026886647,0.03783206347645667,0.032105773284030435,-2.977349743128838,0.4603174603174603,Random_Forest,1,PFE
0.0007306053079653431,0.02702971157754635,0.02284957899690407,-1.030282847255417,0.49206349206349204,XGBoost,1,PFE
0.0003650927283603995,0.019107399832536072,0.016043239379788552,-0.01455806023648809,0.4603174603174603,LSTM,1,PFE
0.0005130356341457734,0.02265028993513711,0.018226802168234153,-0.4256773618819356,0.4603174603174603,GRU,1,PFE
0.0004494106204598266,0.02119930707499249,0.018175771209136153,-0.24886948417473365,0.49206349206349204,Transformer,1,PFE
0.00039991114114273804,0.01999777840518136,0.017001462072113744,-0.11131512656209153,0.4603174603174603,Stacked_Ensemble,1,PFE
0.00046590595668270996,0.02158485479874048,0.017370115309315218,-0.4368015301865864,0.6031746031746031,Naive,2,PFE
0.00045043821765110097,0.021223529811299085,0.016878424590836435,-0.3891007639903785,0.5238095238095238,Ridge_Regression,2,PFE
0.00036611377292755995,0.019134099741758427,0.015345751416712149,-0.12905366763305848,0.47619047619047616,Random_Forest,2,PFE
0.00039695045154650854,0.019923615423574823,0.01604187225702052,-0.22415051365975702,0.4603174603174603,XGBoost,2,PFE
0.00032970954375829905,0.01815790581973315,0.014626549685134825,-0.016787122366975327,0.5079365079365079,LSTM,2,PFE
0.00035986177326270056,0.018970023016925956,0.015102741268469463,-0.10977320436284232,0.5079365079365079,GRU,2,PFE
0.0005235485850048423,0.022881184082228837,0.018631636734402872,-0.6145649079439972,0.5396825396825397,Transformer,2,PFE
0.00034087517226352287,0.018462805102787683,0.014916463236366287,-0.05122066392550484,0.49206349206349204,Stacked_Ensemble,2,PFE
0.00047730933188460734,0.021847410187127613,0.016947030917791723,-1.1054912301781852,0.49206349206349204,Naive,3,PFE
0.0002390958791826492,0.015462725477180573,0.012650507433105616,-0.054691880427166106,0.5396825396825397,Ridge_Regression,3,PFE
0.00023597932918909418,0.0153616187034145,0.012472465460755904,-0.04094425757233289,0.42857142857142855,Random_Forest,3,PFE
0.0002326611524073312,0.015253234162213965,0.012436421029145666,-0.02630722525914142,0.5555555555555556,XGBoost,3,PFE
0.00022731498981672972,0.015076968853742774,0.012104752552901075,-0.0027244086291506875,0.5238095238095238,LSTM,3,PFE
0.00022349068845737622,0.014949604959910353,0.011989910418533976,0.014145223778589289,0.6190476190476191,GRU,3,PFE
0.00022930917425767434,0.015142957909790093,0.012071384913539667,-0.011521089463335077,0.5238095238095238,Transformer,3,PFE
0.00022488904567946236,0.014996301066578463,0.012167049706552255,0.007976836380560237,0.5079365079365079,Stacked_Ensemble,3,PFE
0.0005541576222047906,0.02354055271663753,0.018825748060450623,-1.113421867105031,0.4603174603174603,Naive,4,PFE
0.0002694854502437591,0.016416012007907373,0.013053383023613698,-0.02775170924443482,0.5396825396825397,Ridge_Regression,4,PFE
0.00025938625944737234,0.016105472965652772,0.012688066923653183,0.010764138618904684,0.5555555555555556,Random_Forest,4,PFE
0.00026782587544409544,0.01636538650457408,0.012660716146862967,-0.021422496162873284,0.5238095238095238,XGBoost,4,PFE
0.00027472370458176293,0.01657479123795419,0.012797676602675211,-0.04772913230928255,0.49206349206349204,LSTM,4,PFE
0.00026387776770978505,0.01624431493507144,0.012740044569841194,-0.006365377240317827,0.5079365079365079,GRU,4,PFE
0.0003022087216928751,0.017384151451620384,0.013409597764634662,-0.15255027678668176,0.5079365079365079,Transformer,4,PFE
0.00026344454779685003,0.016230974949054972,0.012678261682539924,-0.004713182268029081,0.5238095238095238,Stacked_Ensemble,4,PFE
0.0003180998697191077,0.01783535448818183,0.013482650476861794,-1.0333142586805089,0.49206349206349204,Naive,5,PFE
0.0002169311082709557,0.014728581339387568,0.010965328511845746,-0.38663720921418565,0.49206349206349204,Ridge_Regression,5,PFE
0.0001750493607457658,0.013230622084609846,0.009999894710612807,-0.11892646008177121,0.4444444444444444,Random_Forest,5,PFE
0.00018051484864433788,0.01343558144050111,0.010211978279686538,-0.15386220049758959,0.5079365079365079,XGBoost,5,PFE
0.00017425608374587416,0.013200609218739646,0.009779857685822941,-0.11385578389322948,0.3492063492063492,LSTM,5,PFE
0.00017939494746671564,0.013393839907461775,0.010009830244621572,-0.1467037221405154,0.38095238095238093,GRU,5,PFE
0.00027660280333687974,0.01663138007914195,0.012740560261062666,-0.7680624154688067,0.3492063492063492,Transformer,5,PFE
0.00017462955953242716,0.013214747804344477,0.009836231802300761,-0.11624306447508159,0.5396825396825397,Stacked_Ensemble,5,PFE
0.000284731183215749,0.01687397947183026,0.012545171006621844,-0.7144255214598867,0.5555555555555556,Naive,6,PFE
0.00020173683920038528,0.014203409421698203,0.01096472073344512,-0.21469935901513004,0.4603174603174603,Ridge_Regression,6,PFE
0.00016794787908633335,0.012959470632951539,0.00988492017664703,-0.0112490206683582,0.4444444444444444,Random_Forest,6,PFE
0.00019314810466760987,0.013897773370853687,0.010722901517774521,-0.16298480666532056,0.42857142857142855,XGBoost,6,PFE
0.00016915038608285958,0.013005782793928998,0.009984969059670478,-0.018489564753817467,0.4444444444444444,LSTM,6,PFE
0.00016609792053941589,0.012887898220401024,0.009823705307570126,-0.00011003648454677162,0.5396825396825397,GRU,6,PFE
0.0002138742597515763,0.014624440493624921,0.011509050256009172,-0.28778128605466424,0.4444444444444444,Transformer,6,PFE
0.0001705214331210975,0.01305838554803378,0.010007163321408013,-0.026744923393956288,0.42857142857142855,Stacked_Ensemble,6,PFE
0.00021620797077694808,0.014704012063955474,0.012572475724998542,-0.6522892557756998,0.5555555555555556,Naive,7,PFE
0.00017174955408320828,0.013105325409283369,0.00987895277963988,-0.31253228951820344,0.42857142857142855,Ridge_Regression,7,PFE
0.00017539000307840611,0.013243489082504131,0.010061656858642154,-0.3403530712375338,0.47619047619047616,Random_Forest,7,PFE
0.00015699896448991842,0.012529922764722791,0.00935255151838757,-0.19980637745415009,0.49206349206349204,XGBoost,7,PFE
0.00013921565425354458,0.011798968355476872,0.00896890493243296,-0.06390402228150105,0.3968253968253968,LSTM,7,PFE
0.00014691086070840685,0.012120679053106176,0.009244057246896418,-0.12271178455156972,0.3968253968253968,GRU,7,PFE
0.00014153422908374887,0.011896815922075489,0.00916681442833476,-0.08162287079060948,0.5238095238095238,Transformer,7,PFE
0.00014128804288300291,0.011886464692371862,0.00899491959877713,-0.07974148402697168,0.49206349206349204,Stacked_Ensemble,7,PFE
0.0007653366878931653,0.027664719190571323,0.021087189458958735,-1.0806694223855606,0.49206349206349204,Naive,8,PFE
0.00040488574551357563,0.02012177292172774,0.014378486519337817,-0.10073566781300736,0.5396825396825397,Ridge_Regression,8,PFE
0.00037443955984228024,0.019350440817776742,0.013998980114852518,-0.017963668826620482,0.5238095238095238,Random_Forest,8,PFE
0.0004051506979836749,0.020128355570778127,0.014442251200742186,-0.10145597628853409,0.47619047619047616,XGBoost,8,PFE
0.0003777122394796118,0.019434820284211837,0.014088482888543816,-0.02686088303100509,0.47619047619047616,LSTM,8,PFE
0.000374669906784185,0.0193563918844444,0.014059180638554701,-0.018589897578153103,0.42857142857142855,GRU,8,PFE
0.0005736032435180147,0.02395001552229173,0.01882963812559748,-0.5594165917415308,0.5714285714285714,Transformer,8,PFE
0.00037960889610100295,0.01948355450376042,0.014077117661956682,-0.03201719593135377,0.5079365079365079,Stacked_Ensemble,8,PFE
0.0004596276494578477,0.021438928365425537,0.016399933216392135,-1.2870657794080644,0.3968253968253968,Naive,9,PFE
0.00022137914039998353,0.014878815154439668,0.011412043126392032,-0.10156266029859262,0.4126984126984127,Ridge_Regression,9,PFE
0.00032081912170670376,0.017911424334951808,0.013578759797601288,-0.5963670495032822,0.4444444444444444,Random_Forest,9,PFE
0.0002114487615293592,0.014541277850634696,0.01088383746752735,-0.05214998958926742,0.4444444444444444,XGBoost,9,PFE
0.00020274814957334952,0.014238965888481843,0.010197196332019338,-0.008856528266890429,0.3968253968253968,LSTM,9,PFE
0.00020200648973952486,0.014212898709957967,0.010179898612672772,-0.005166095744167709,0.4126984126984127,GRU,9,PFE
0.00022226293696070957,0.014908485401297798,0.011342556000418712,-0.10596035237038026,0.4444444444444444,Transformer,9,PFE
0.00020189749527224746,0.014209063842218721,0.010382694706278187,-0.004623749093462415,0.4444444444444444,Stacked_Ensemble,9,PFE
0.0004670660267645138,0.021611710408121654,0.016676606721842877,-0.8701607247379841,0.5079365079365079,Naive,10,PFE
0.00028163327975552966,0.01678193313523593,0.012278378608063457,-0.12767674888820157,0.5555555555555556,Ridge_Regression,10,PFE
0.00025709361747724605,0.01603413912491862,0.011975936053544007,-0.029418451428432135,0.2857142857142857,Random_Forest,10,PFE
0.0002780379344789026,0.016674469541154903,0.01220706069525187,-0.11328076814261379,0.47619047619047616,XGBoost,10,PFE
0.0002512051666936849,0.01584945319857076,0.011548468526181669,-0.00584073702849186,0.47619047619047616,LSTM,10,PFE
0.00025101097078083134,0.015843325748744527,0.011543138730853936,-0.005063164804626208,0.47619047619047616,GRU,10,PFE
0.0004670635084681781,0.021611652145733285,0.01617747147760849,-0.8701506413265807,0.5396825396825397,Transformer,10,PFE
0.00025447532310880294,0.015952282692730937,0.011613409350612853,-0.018934641831777954,0.4603174603174603,Stacked_Ensemble,10,PFE
0.0003424104108635099,0.01850433492086408,0.014569299011813685,-1.0536586306771003,0.5714285714285714,Naive,11,PFE
0.00019649508924325678,0.014017670606889604,0.010723060585169905,-0.17850924828023462,0.5396825396825397,Ridge_Regression,11,PFE
0.0001671725339695896,0.01292952179972599,0.01011039328008515,-0.002642753568784517,0.47619047619047616,Random_Forest,11,PFE
0.00016633809462111027,0.012897212668678076,0.010123507271889605,0.0023619236122029985,0.5714285714285714,XGBoost,11,PFE
0.0001796295283708078,0.013402594091100714,0.01041547977149741,-0.07735547623350403,0.5079365079365079,LSTM,11,PFE
0.00016843081184478835,0.012978089683955352,0.0102658705233563,-0.010189466916884271,0.5079365079365079,GRU,11,PFE
0.00016719338622611296,0.012930328156164985,0.010280617595936676,-0.0027678181556651804,0.49206349206349204,Transformer,11,PFE
0.0001652472291671089,0.012854852358821897,0.01011239595164921,0.00890455544652069,0.5396825396825397,Stacked_Ensemble,11,PFE
0.00054997344291532,0.023451512593334358,0.018241168431359894,-1.2708745763601952,0.4444444444444444,Naive,12,PFE
0.00027120039169090284,0.016468162972563236,0.013015609884714478,-0.11980329691050717,0.42857142857142855,Ridge_Regression,12,PFE
0.00025567464858485017,0.015989829535828396,0.012511736343060433,-0.055696537297273974,0.5238095238095238,Random_Forest,12,PFE
0.0002655085861814886,0.01629443420869496,0.01265943043998668,-0.09630147770192798,0.49206349206349204,XGBoost,12,PFE
0.00024193352729592486,0.015554212525741214,0.012062048392171,0.0010414077574781855,0.5555555555555556,LSTM,12,PFE
0.0002456514806047641,0.015673272810895755,0.012213966039863565,-0.014310252861591488,0.4444444444444444,GRU,12,PFE
0.0002448396546083603,0.01564735295851539,0.012190351238027527,-0.010958172794071741,0.4444444444444444,Transformer,12,PFE
0.00024611989648403625,0.01568820883606654,0.012239055724926947,-0.016244371181494355,0.49206349206349204,Stacked_Ensemble,12,PFE
0.0002791817114652921,0.016708731593549887,0.013477730932616592,-1.0254383510172556,0.47619047619047616,Naive,13,PFE
0.00015746235432644717,0.01254840046884252,0.01032878613779522,-0.1423752996582064,0.4444444444444444,Ridge_Regression,13,PFE
0.000137801387738092,0.011738883581418294,0.009580274526337938,0.00026325476971922335,0.5079365079365079,Random_Forest,13,PFE
0.00014522575745773,0.012050965001099704,0.009800592881312138,-0.053599883626276545,0.5079365079365079,XGBoost,13,PFE
0.00013825419511608237,0.01175815440943358,0.009650520036000542,-0.0030218222655624682,0.5079365079365079,LSTM,13,PFE
0.0001391188699304526,0.011794866253182042,0.009667253028334172,-0.009294960720772183,0.49206349206349204,GRU,13,PFE
0.00013938510012532866,0.011806146709461502,0.009703108473056242,-0.01122643697711645,0.4603174603174603,Transformer,13,PFE
0.00013669659575000898,0.01169173193970889,0.009641096041724197,0.008278421847875417,0.49206349206349204,Stacked_Ensemble,13,PFE
0.0007490266443863864,0.02736835114482395,0.021497922481117853,-1.1304384131022527,0.47619047619047616,Naive,14,PFE
0.00042663838518517875,0.020655226582760568,0.015972898028468612,-0.21347726561453073,0.4603174603174603,Ridge_Regression,14,PFE
0.0003701014783879486,0.01923802168592053,0.014272138654165482,-0.05267070565901144,0.5714285714285714,Random_Forest,14,PFE
0.0003554223252508665,0.018852647698688545,0.014183570834885433,-0.010919144550435078,0.47619047619047616,XGBoost,14,PFE
0.0003472696329066541,0.018635171931234068,0.014448061484798583,0.012269361586811356,0.5396825396825397,LSTM,14,PFE
0.00035174125731603635,0.01875476625596908,0.014608341302248617,-0.0004491718353447638,0.5396825396825397,GRU,14,PFE
0.0003522281777851395,0.018767743012550537,0.014618008714219982,-0.00183410797784056,0.47619047619047616,Transformer,14,PFE
0.0003484210931327134,0.018666041174622793,0.014469206744315694,0.008994291046742986,0.49206349206349204,Stacked_Ensemble,14,PFE
0.0005174169732018126,0.022746801383970727,0.016859357898650677,-1.2340904751290371,0.42857142857142855,Naive,15,PFE
0.00024606151069760096,0.01568634790821627,0.010877179239400455,-0.0624384313170927,0.5238095238095238,Ridge_Regression,15,PFE
0.00023675217967532937,0.015386753383197165,0.010861081058202554,-0.022242827299734147,0.49206349206349204,Random_Forest,15,PFE
0.00023881079701170536,0.015453504360231868,0.010867585033717082,-0.031131475375334228,0.5079365079365079,XGBoost,15,PFE
0.0002352165688683564,0.015336771787711924,0.010932132339771555,-0.015612404149650594,0.47619047619047616,LSTM,15,PFE
0.00023177736759613735,0.015224236190894351,0.010711801549679177,-0.0007627041934039624,0.47619047619047616,GRU,15,PFE
0.00023370627023066722,0.01528745466814758,0.010745646970977176,-0.00909127327104331,0.49206349206349204,Transformer,15,PFE
0.00023202495426940522,0.015232365353726428,0.010679432589318288,-0.0018317279347275228,0.5396825396825397,Stacked_Ensemble,15,PFE
0.0005284394765347595,0.022987811477710517,0.017044203789486588,-0.539847283794306,0.5396825396825397,Naive,16,PFE
0.00035271271265823996,0.01878064729071498,0.012906088072717117,-0.027787923998496167,0.5396825396825397,Ridge_Regression,16,PFE
0.0003524195078734579,0.018772839632657013,0.01293727107298711,-0.026933539321554845,0.3492063492063492,Random_Forest,16,PFE
0.00036045152172040106,0.018985560874527806,0.01329592730430418,-0.05033844235173213,0.4603174603174603,XGBoost,16,PFE
0.00034334926255422566,0.018529685980993464,0.01272015393182861,-0.0005032795882076169,0.5238095238095238,LSTM,16,PFE
0.00034840623783627265,0.018665643247321336,0.012846177836958867,-0.01523906296180777,0.4444444444444444,GRU,16,PFE
0.0003444684584059227,0.018559861486711658,0.012702571997282293,-0.0037645626088680384,0.5396825396825397,Transformer,16,PFE
0.0003467609283608065,0.018621517885521754,0.012797166751544976,-0.01044471008073411,0.4603174603174603,Stacked_Ensemble,16,PFE
0.000468241723445512,0.02163889376667652,0.016781531782112648,-1.5361824071131052,0.3492063492063492,Naive,17,PFE
0.00018619696842956938,0.013645400999222023,0.010764655249281526,-0.008516439146030619,0.5079365079365079,Ridge_Regression,17,PFE
0.0001996583039049082,0.014130049678076443,0.010724698949594269,-0.08142835728434372,0.42857142857142855,Random_Forest,17,PFE
0.00019160278259608207,0.013842065691076677,0.010834720802272208,-0.03779646717161422,0.5238095238095238,XGBoost,17,PFE
0.00018913675936388407,0.01375270007539916,0.010658007501432804,-0.02443950980563847,0.4603174603174603,LSTM,17,PFE
0.0001875471797301151,0.013694786589433043,0.010610030327518925,-0.015829717683302658,0.4603174603174603,GRU,17,PFE
0.00018550721679324092,0.0136201034061141,0.010643828060898398,-0.004780471423074584,0.5238095238095238,Transformer,17,PFE
0.0001850835785005933,0.013604542568590585,0.010528253828332074,-0.0024858788419472866,0.5238095238095238,Stacked_Ensemble,17,PFE
0.0003084719061189177,0.017563368302205524,0.014316134900894081,-0.9837409031983799,0.49206349206349204,Naive,18,PFE
0.00017270142871176367,0.013141591559311364,0.010600025431352649,-0.11061941583831758,0.36507936507936506,Ridge_Regression,18,PFE
0.00015853798335817596,0.012591186733512293,0.01009209897616994,-0.019536223752437243,0.4444444444444444,Random_Forest,18,PFE
0.00016538614378835525,0.012860254421602834,0.010506878015764139,-0.06357581273132551,0.4444444444444444,XGBoost,18,PFE
0.00016162108878485583,0.012713028308977206,0.010159966169919751,-0.03936325572020416,0.4444444444444444,LSTM,18,PFE
0.0001565467598759219,0.01251186476413176,0.010010696840328822,-0.006730936169347945,0.5396825396825397,GRU,18,PFE
0.00016548869404449726,0.012864240904324564,0.010233742240738154,-0.06423529949075801,0.5079365079365079,Transformer,18,PFE
0.00015881406983942744,0.012602145445892434,0.010162222478705383,-0.021311698389883116,0.4444444444444444,Stacked_Ensemble,18,PFE
